static const DWORD g_funcStarts[] = {
0x401000,0x401100,0x401150,0x4011B0,0x401260,0x4012D0,0x401380,0x401420,0x401530,0x401550,0x401580,0x4015B0,
0x401620,0x401680,0x401780,0x401790,0x401840,0x401850,0x4018C0,0x401960,0x401970,0x401990,0x401B20,0x401C60,
0x401EA0,0x401F10,0x402000,0x402020,0x4020C0,0x4020F0,0x402110,0x402180,0x402190,0x402270,0x402300,0x402360,
0x402410,0x4026F0,0x402750,0x4027B0,0x4027E0,0x402870,0x402890,0x402920,0x402940,0x402960,0x4029D0,0x402A20,
0x402A30,0x402A60,0x402A70,0x402AC0,0x402B00,0x402B40,0x402BF0,0x402C20,0x402C40,0x402C60,0x402C80,0x402CC0,
0x402CF0,0x402D10,0x402D50,0x402DA0,0x402DE0,0x402E40,0x402EA0,0x402ED0,0x402F40,0x402FD0,0x403000,0x403020,
0x403080,0x4030A0,0x4030C0,0x4030E0,0x403120,0x403190,0x4031C0,0x4031F0,0x403280,0x4032A0,0x4032C0,0x4032E0,
0x403300,0x403360,0x403390,0x4033D0,0x403410,0x403460,0x4034C0,0x4034F0,0x403560,0x403610,0x4036B0,0x403760,
0x403800,0x403840,0x403860,0x4038D0,0x403940,0x403980,0x4039C0,0x403A00,0x403AF0,0x403B00,0x403B40,0x403BB0,
0x403BD0,0x403BF0,0x403C50,0x403CA0,0x403D20,0x403DC0,0x403E90,0x403EB0,0x403F00,0x403FE0,0x404090,0x4041F0,
0x404280,0x4042F0,0x404330,0x4043A0,0x404400,0x40444F,0x404466,0x404490,0x404520,0x404590,0x404620,0x404650,
0x4046A0,0x404790,0x4049B0,0x404A40,0x404C20,0x404C80,0x404D00,0x404D80,0x404E00,0x404E80,0x404F00,0x404F30,
0x405030,0x4051C0,0x405230,0x4052A0,0x405310,0x405370,0x4053F0,0x405410,0x405440,0x405520,0x4055B0,0x405650,
0x405690,0x4056D0,0x4056F0,0x405720,0x405790,0x405820,0x405950,0x405AA0,0x405C10,0x405C80,0x405CD0,0x405D90,
0x405DD0,0x405E50,0x405E90,0x405F70,0x406030,0x406090,0x4061B0,0x4061D0,0x406230,0x406250,0x406260,0x406280,
0x4062A0,0x4062C0,0x4062E0,0x406300,0x406320,0x406350,0x406370,0x4063B0,0x4063D0,0x4063F0,0x406410,0x406430,
0x406450,0x406470,0x406490,0x4064B0,0x4064D0,0x406510,0x406550,0x406590,0x4065D0,0x406610,0x406650,0x406690,
0x4066D0,0x406710,0x406750,0x4067B0,0x406800,0x406850,0x4068B0,0x406910,0x406950,0x4069C0,0x406A00,0x406A40,
0x406A80,0x406AC0,0x406B00,0x406B70,0x406BD0,0x406C50,0x406CD0,0x406E40,0x406E60,0x406F00,0x4070A0,0x4070E0,
0x407130,0x407150,0x407160,0x407170,0x407180,0x4071F0,0x407210,0x407280,0x4072C0,0x407300,0x407380,0x4073D0,
0x4074C0,0x407610,0x4076D0,0x407710,0x407740,0x407790,0x407BF0,0x407C10,0x407C40,0x407DB0,0x407E50,0x407E80,
0x407F00,0x407F20,0x407F70,0x407FC0,0x408060,0x4080F0,0x408130,0x408160,0x408180,0x4081B0,0x408200,0x4082A0,
0x408310,0x4086C0,0x4086E0,0x408840,0x408880,0x408940,0x408970,0x408A60,0x408B30,0x408B90,0x408C00,0x408C70,
0x408CD0,0x408D40,0x408E20,0x409010,0x409050,0x409130,0x4091A0,0x409200,0x409230,0x409330,0x4093B0,0x4093F0,
0x4094B0,0x409510,0x409560,0x4095C0,0x409660,0x4096B0,0x4096C0,0x4097A0,0x4097D0,0x409880,0x409A30,0x409B00,
0x409BA0,0x409C10,0x409D60,0x409E60,0x409E80,0x409EC0,0x409FB0,0x40A050,0x40A0E0,0x40A160,0x40A220,0x40A240,
0x40A280,0x40A2C0,0x40A330,0x40A370,0x40A470,0x40A570,0x40A5F0,0x40A660,0x40A690,0x40A6B0,0x40A6D0,0x40A760,
0x40A7F0,0x40A880,0x40A920,0x40A9B0,0x40AAA0,0x40AC10,0x40AC60,0x40ACD0,0x40AD90,0x40AE00,0x40AEA0,0x40AF60,
0x40B020,0x40B240,0x40B470,0x40C610,0x40C660,0x40C6B0,0x40C720,0x40C760,0x40C7C0,0x40C7E0,0x40C870,0x40C8D0,
0x40C930,0x40C990,0x40C9D0,0x40CA10,0x40CA30,0x40CA80,0x40CB10,0x40CB80,0x40CBA0,0x40CBE0,0x40CC20,0x40CCF0,
0x40CD40,0x40CD80,0x40CDC0,0x40CEF0,0x40CF40,0x40D030,0x40D080,0x40D120,0x40D150,0x40D170,0x40D1D0,0x40D300,
0x40D3F0,0x40D710,0x40D820,0x40D8F0,0x40D9D0,0x40DB00,0x40DB40,0x40DBA0,0x40DBF0,0x40DF20,0x40E140,0x40E310,
0x40E400,0x40E560,0x40E5F0,0x40E8D0,0x40EAC0,0x40EAF0,0x40ECA0,0x40EE50,0x40EE70,0x40EEC0,0x40EF50,0x40EFF0,
0x40F130,0x40F170,0x40F210,0x40F410,0x40F610,0x40F650,0x40F900,0x40FC40,0x40FF80,0x4100A0,0x410190,0x410460,
0x410560,0x410710,0x4107A0,0x410820,0x410880,0x4109A0,0x410AE0,0x410BB0,0x410BD0,0x410C00,0x410C40,0x410C90,
0x410CD0,0x410D50,0x410E30,0x411100,0x411530,0x411710,0x411820,0x411890,0x4118D0,0x411950,0x411990,0x4119E0,
0x411A50,0x411AD0,0x411AE0,0x411B20,0x411BE0,0x411CD0,0x411D60,0x411D80,0x411E10,0x411FA0,0x4120A0,0x4123C0,
0x412870,0x413160,0x4131A0,0x4131C0,0x4131F0,0x413280,0x413310,0x413380,0x413440,0x413460,0x4134A0,0x413520,
0x413920,0x413A80,0x413BE0,0x413CB0,0x413CC0,0x413D00,0x413DE0,0x413E30,0x413E60,0x414110,0x414290,0x414490,
0x414890,0x4148B0,0x4148C0,0x4148F0,0x414900,0x414A00,0x414CF0,0x414EC0,0x414F70,0x415130,0x415210,0x415320,
0x415340,0x415460,0x415490,0x4154D0,0x415540,0x415650,0x4156F0,0x415740,0x4157B0,0x415850,0x4158F0,0x415940,
0x4159A0,0x415A70,0x415CB0,0x415D70,0x415E70,0x415F60,0x415FD0,0x4161F0,0x416210,0x416230,0x416400,0x416480,
0x4164A0,0x416590,0x416710,0x416960,0x416B60,0x416C50,0x416C80,0x417070,0x417130,0x4171B0,0x417340,0x4174D0,
0x417690,0x4177D0,0x4178D0,0x417920,0x417A70,0x417B20,0x417C00,0x417CF0,0x417D20,0x417E00,0x417E70,0x417F50,
0x418010,0x4180F0,0x4181B0,0x418200,0x4182E0,0x418370,0x418450,0x418590,0x418620,0x4186C0,0x418810,0x4188E0,
0x4189C0,0x418AF0,0x418C70,0x418E70,0x418F60,0x419040,0x4190F0,0x4191B0,0x4191E0,0x419220,0x419330,0x419360,
0x4193D0,0x419540,0x419570,0x419600,0x419680,0x4197E0,0x419810,0x419900,0x4199B0,0x419A60,0x419B20,0x419BA0,
0x419BF0,0x419C40,0x419D20,0x419E00,0x419E80,0x419F00,0x41A030,0x41A050,0x41A070,0x41A0C0,0x41A140,0x41A230,
0x41A270,0x41A2D0,0x41A420,0x41A560,0x41A7F0,0x41A910,0x41AB40,0x41ABA0,0x41ACB0,0x41ADB0,0x41AE50,0x41AF50,
0x41AFA0,0x41B270,0x41B290,0x41B2A0,0x41B2B0,0x41B2C0,0x41B2D0,0x41B350,0x41B3B0,0x41B3F0,0x41B440,0x41B4B0,
0x41B4E0,0x41B520,0x41B550,0x41B580,0x41B5D0,0x41B640,0x41B960,0x41BDD0,0x41BE60,0x41BED0,0x41BF00,0x41BF20,
0x41BF30,0x41C020,0x41C0A0,0x41C0C0,0x41C0D0,0x41C1A0,0x41C1D0,0x41C240,0x41C2E0,0x41C310,0x41C3A0,0x41C510,
0x41C5B0,0x41C600,0x41C660,0x41C6C0,0x41C7B0,0x41C880,0x41CDA0,0x41CE10,0x41CEE0,0x41CF80,0x41D0D0,0x41D1F0,
0x41D270,0x41D6C0,0x41D8B0,0x41DA90,0x41DBD0,0x41DC60,0x41DCF0,0x41DE00,0x41DF50,0x41E310,0x41E330,0x41E420,
0x41E840,0x41E990,0x41E9B0,0x41E9D0,0x41EA60,0x41EAA0,0x41EAD0,0x41EB30,0x41EB80,0x41EB90,0x41EBB0,0x41EBD0,
0x41EC30,0x41ECB0,0x41ED40,0x41EE80,0x41EEB0,0x41EEE0,0x41EF00,0x41EF50,0x41EF80,0x41EFC0,0x41EFE0,0x41F000,
0x41F120,0x41F140,0x41F170,0x41F190,0x41F1C0,0x41F260,0x41F2B0,0x41F380,0x41F3B0,0x41F530,0x41F580,0x41F6A0,
0x41F710,0x41F760,0x41F7B0,0x41F8E0,0x41F9D0,0x41FAC0,0x41FB10,0x41FC20,0x41FCB0,0x41FD40,0x41FE10,0x41FE30,
0x41FF60,0x420010,0x4200F0,0x420180,0x4201D0,0x420400,0x4204B0,0x4204E0,0x420510,0x4205A0,0x4205C0,0x4205D0,
0x4205E0,0x420600,0x420610,0x420640,0x420650,0x4206B0,0x4206D0,0x4206E0,0x420700,0x4207A0,0x4207B0,0x4207C0,
0x420830,0x420840,0x420860,0x420870,0x4208B0,0x420910,0x420960,0x420980,0x420A20,0x420A40,0x420A60,0x420A90,
0x420AB0,0x420AE0,0x420B30,0x420B70,0x420BB0,0x420BC0,0x420BE0,0x420C00,0x420C20,0x420C50,0x420C80,0x420CE0,
0x420D00,0x420D10,0x420D20,0x420D40,0x420DA0,0x420E00,0x420E60,0x420E70,0x420E80,0x420E90,0x420EA0,0x420EC0,
0x420F10,0x420F90,0x421010,0x421020,0x4210A0,0x421110,0x421150,0x4211C0,0x4211E0,0x421200,0x421220,0x4212B0,
0x421340,0x421510,0x4215D0,0x421680,0x421730,0x4217E0,0x4217F0,0x421800,0x421810,0x421830,0x421850,0x421870,
0x4218A0,0x4218C0,0x4218E0,0x421900,0x421920,0x421940,0x421990,0x4219E0,0x421A50,0x421AB0,0x421B50,0x421C00,
0x421F50,0x421F80,0x421F90,0x421FA0,0x421FB0,0x421FC0,0x421FD0,0x422000,0x422070,0x4220A0,0x422120,0x422140,
0x422160,0x422240,0x422270,0x422280,0x4222D0,0x422320,0x422370,0x4223C0,0x422410,0x4224B0,0x4224C0,0x422500,
0x422510,0x422520,0x422570,0x4225C0,0x4225E0,0x422630,0x422680,0x4226D0,0x4226F0,0x422700,0x422750,0x422760,
0x422770,0x422780,0x4227D9,0x422810,0x422869,0x4228A0,0x4228ED,0x422930,0x422980,0x4229D0,0x422A20,0x422A90,
0x422AD0,0x422B60,0x422B90,0x422BF0,0x422C50,0x422CE0,0x422D4A,0x422D80,0x422E40,0x422EF0,0x422F20,0x422F50,
0x422F80,0x422FA0,0x422FC0,0x422FE0,0x423010,0x423040,0x423070,0x423090,0x4230B0,0x4230E0,0x423100,0x423130,
0x423160,0x423190,0x4231D0,0x423210,0x423260,0x4232B0,0x42336A,0x423380,0x42343B,0x423450,0x423490,0x42354A,
0x423560,0x42361A,0x423630,0x4236EF,0x423710,0x423720,0x4237DF,0x423800,0x423810,0x423870,0x4238F0,0x423950,
0x4239D0,0x423A30,0x423A80,0x423AA0,0x423AC0,0x423AE0,0x423C10,0x423C70,0x423CD0,0x423D20,0x423D70,0x423DEE,
0x423E10,0x423E50,0x423EB5,0x423F00,0x423F40,0x423F60,0x423FB0,0x424270,0x424330,0x424980,0x4249A0,0x4249B0,
0x4249E0,0x424A10,0x424A40,0x424A50,0x424A60,0x424A90,0x424B80,0x424BA0,0x424BD0,0x424C10,0x424C20,0x424C70,
0x424CE0,0x424D00,0x424D90,0x424E00,0x424E70,0x424F20,0x425090,0x4251D0,0x425240,0x425290,0x425370,0x425390,
0x4253D0,0x425450,0x425460,0x425470,0x425480,0x425490,0x4254A0,0x4254B0,0x4254C0,0x4254D0,0x4254E0,0x4254F0,
0x425500,0x425510,0x425520,0x425530,0x425540,0x425620,0x425710,0x4257E0,0x4257F0,0x425860,0x4258C0,0x425910,
0x425920,0x425980,0x425B30,0x425B50,0x425D00,0x425D20,0x425D80,0x425DA0,0x425DD0,0x425E40,0x425E60,0x425E80,
0x425F20,0x425F30,0x425F40,0x425F60,0x425FD0,0x426060,0x426070,0x426100,0x426270,0x426290,0x426310,0x4263A0,
0x4263D0,0x4263F0,0x426420,0x426450,0x426470,0x426490,0x4264B0,0x4264D0,0x4264F0,0x426510,0x426530,0x426550,
0x426560,0x426570,0x426590,0x4265B0,0x4265D0,0x4265F0,0x426660,0x4266D0,0x426710,0x426750,0x4267B0,0x426810,
0x426850,0x426890,0x4268A0,0x4268C0,0x4269A0,0x4269B0,0x4269E0,0x426A00,0x426AB0,0x426B10,0x426B20,0x426BC0,
0x426BD0,0x426BF0,0x426C00,0x426C40,0x426C70,0x426D50,0x426DA0,0x426DF0,0x426EA0,0x426EC0,0x426F00,0x426F10,
0x426F30,0x426F60,0x426F80,0x426FB0,0x426FF0,0x427000,0x427020,0x427070,0x427080,0x4270A0,0x4270B0,0x4270C0,
0x427190,0x427330,0x427340,0x427350,0x427370,0x4273C0,0x4273E0,0x4273F0,0x427440,0x427460,0x427470,0x427480,
0x427490,0x4274B0,0x4274D0,0x4274F0,0x427520,0x427530,0x4275D0,0x4275E0,0x427610,0x427660,0x4276C0,0x427720,
0x427770,0x4277B0,0x427820,0x4278A0,0x4278C0,0x4278E0,0x4278F0,0x427980,0x427990,0x427A40,0x427A70,0x427C00,
0x427C40,0x427C70,0x427CE0,0x427D70,0x427DD0,0x427E40,0x427EA0,0x427EB0,0x427EC0,0x427EF0,0x427F10,0x427FA0,
0x427FC0,0x427FF0,0x428050,0x428090,0x4281D0,0x428350,0x4284A0,0x42855A,0x428570,0x4285F0,0x428610,0x428640,
0x428670,0x4286A0,0x4286D0,0x428710,0x428740,0x4287C0,0x428930,0x428970,0x4289D0,0x428A10,0x428A20,0x428D40,
0x428DB2,0x428DD0,0x428E00,0x429000,0x429030,0x429310,0x429330,0x4293F0,0x429440,0x4298F0,0x429920,0x4299E0,
0x429B10,0x429B40,0x429D70,0x429D80,0x429DC0,0x429DF0,0x429EF0,0x429F10,0x429FF0,0x42A000,0x42A010,0x42A090,
0x42A0D0,0x42A330,0x42A530,0x42A6A0,0x42A6C0,0x42A6D0,0x42A6F0,0x42A700,0x42A710,0x42A720,0x42A7A0,0x42A7F0,
0x42A820,0x42A850,0x42A880,0x42A8B0,0x42A8E0,0x42A900,0x42A910,0x42A920,0x42A930,0x42A940,0x42A950,0x42A980,
0x42AA00,0x42AA30,0x42AAB0,0x42AB70,0x42AC50,0x42AC80,0x42AD00,0x42AD30,0x42ADB0,0x42AE60,0x42AE80,0x42AE90,
0x42AEC0,0x42AED0,0x42AEE0,0x42AF20,0x42AF30,0x42AF50,0x42B070,0x42B0A0,0x42B0D0,0x42B0E0,0x42B100,0x42B130,
0x42B140,0x42B150,0x42B160,0x42B1F0,0x42B240,0x42B260,0x42B290,0x42B330,0x42B360,0x42B390,0x42B610,0x42B620,
0x42B630,0x42B640,0x42B650,0x42B660,0x42B670,0x42B680,0x42B720,0x42B770,0x42B790,0x42B7B0,0x42B7C0,0x42B7D0,
0x42B7F0,0x42B8D0,0x42B8F0,0x42B900,0x42B910,0x42BAF0,0x42BB10,0x42BB90,0x42BC70,0x42BC90,0x42BD10,0x42CFE0,
0x42D7F0,0x42D810,0x42D850,0x42D8B0,0x42D8C0,0x42D8D0,0x42D910,0x42D920,0x42D930,0x42D940,0x42D960,0x42D970,
0x42D980,0x42D990,0x42D9A0,0x42D9E0,0x42DA40,0x42DA70,0x42DB40,0x42DC00,0x42DC20,0x42DEE0,0x42E030,0x42E180,
0x42E1E0,0x42E330,0x42E3F0,0x42E420,0x42E440,0x42E740,0x42E750,0x42E760,0x42E770,0x42E930,0x42EA10,0x42EA90,
0x42EB30,0x42EB50,0x42EB70,0x42EC30,0x42EC50,0x42EC70,0x42EC80,0x42ECA0,0x42ECB0,0x42ECC0,0x42ECE0,0x42ECF0,
0x42ED10,0x42EE40,0x42EEA0,0x42EEC0,0x42EEF0,0x42EFF0,0x42F050,0x42F100,0x42F160,0x42F210,0x42F280,0x42F3C0,
0x42F640,0x42F9B0,0x42FA10,0x42FB13,0x42FB4D,0x42FBA0,0x42FBB0,0x42FBC0,0x42FBD0,0x42FBF0,0x42FCA0,0x42FCC0,
0x42FD40,0x42FD50,0x42FD60,0x42FDA0,0x42FE00,0x42FE60,0x42FE80,0x42FF30,0x42FF40,0x42FF60,0x42FF70,0x42FF80,
0x42FF90,0x430020,0x430040,0x430060,0x4300A0,0x4300F0,0x430100,0x430110,0x430130,0x430150,0x4301D0,0x4301F0,
0x4302F0,0x430350,0x430430,0x430460,0x4304D0,0x4304F0,0x430500,0x430510,0x430530,0x430540,0x430550,0x430560,
0x430570,0x4305F0,0x430610,0x430630,0x430650,0x4306D0,0x430710,0x430780,0x430790,0x4307B0,0x430850,0x4308F0,
0x430A10,0x430B30,0x430B40,0x430B60,0x430B70,0x430B80,0x430BA0,0x430BE0,0x430C10,0x430C70,0x430CD0,0x430D30,
0x430D50,0x430D70,0x430D90,0x430DB0,0x430DC0,0x430DD0,0x430DE0,0x430E00,0x430E10,0x430EA0,0x430F90,0x431070,
0x431080,0x4310A0,0x431100,0x431150,0x4311A0,0x431270,0x4312B0,0x4313A0,0x431440,0x431510,0x431580,0x431730,
0x431920,0x431960,0x431AC0,0x431AE0,0x431B10,0x431B50,0x431C00,0x431C60,0x431FF0,0x432010,0x432070,0x432080,
0x432090,0x4320B0,0x4320D0,0x4320F0,0x432100,0x432110,0x432120,0x432130,0x432140,0x432150,0x432160,0x432170,
0x432180,0x4321A0,0x4321C0,0x432200,0x432260,0x432310,0x4323E0,0x4324E0,0x432500,0x432510,0x432530,0x432540,
0x4325A0,0x4325D0,0x432620,0x432700,0x432840,0x432880,0x432C60,0x432C70,0x432CA0,0x432CC0,0x432CF0,0x432D70,
0x432DE0,0x432EA0,0x432EB0,0x432EF0,0x432F40,0x432FB0,0x432FD0,0x433000,0x433030,0x433060,0x433080,0x4330C0,
0x4330E0,0x433120,0x433150,0x4331B0,0x4331D0,0x4331E0,0x4331F0,0x433200,0x433250,0x4332B0,0x4332D0,0x433620,
0x4336C0,0x4338E0,0x433910,0x433920,0x433960,0x4339B0,0x433A60,0x433A90,0x433AC0,0x433AD0,0x433AF0,0x433B10,
0x433B80,0x433BD0,0x433C70,0x433D30,0x433D60,0x433DA0,0x433DF0,0x433F20,0x434080,0x4340E0,0x434100,0x434130,
0x4341A6,0x4341F0,0x434460,0x4344BC,0x4344F0,0x434520,0x434550,0x434600,0x434630,0x434660,0x4346A0,0x4346D0,
0x4348A0,0x43495A,0x4349F0,0x434A60,0x434AB0,0x434B50,0x435280,0x435300,0x435320,0x435340,0x435380,0x4353B0,
0x435410,0x4354B0,0x4354C0,0x435550,0x4355D0,0x4355E0,0x435610,0x435640,0x435760,0x4357B0,0x4357F0,0x435840,
0x4359D0,0x4359E0,0x4359F0,0x435A10,0x435A20,0x435A40,0x435A60,0x435A80,0x435AA0,0x435B00,0x435BA0,0x435C50,
0x435CF0,0x435D90,0x435E00,0x435E70,0x4362C0,0x4362D0,0x4362E0,0x4362F0,0x436380,0x4363D0,0x436770,0x4369F0,
0x436A20,0x436A40,0x436D00,0x436D20,0x436D40,0x436D70,0x436D90,0x436E00,0x436E20,0x436E40,0x436E60,0x436E70,
0x436E80,0x436EA0,0x436EB0,0x436EF0,0x436F00,0x436F10,0x436F30,0x436F50,0x436F90,0x436FA0,0x436FB0,0x436FD0,
0x437040,0x437060,0x437460,0x437720,0x4377C0,0x437870,0x4378A0,0x4378D0,0x437950,0x437970,0x4379E0,0x437A70,
0x437A90,0x437AB0,0x437AC0,0x437E80,0x438890,0x438A40,0x438BF0,0x438D50,0x438D70,0x439500,0x439590,0x4395C0,
0x4395D0,0x4395E0,0x439600,0x439660,0x439680,0x4396A0,0x4396C0,0x439770,0x439790,0x4397D0,0x439870,0x4398D0,
0x439910,0x439940,0x439950,0x439970,0x4399B0,0x439AC0,0x439B00,0x43A0B0,0x43A0D0,0x43A1A0,0x43A200,0x43A230,
0x43A250,0x43A260,0x43A280,0x43A310,0x43A320,0x43A3D0,0x43A400,0x43A430,0x43A440,0x43A450,0x43A460,0x43A470,
0x43A490,0x43A4B0,0x43A4E0,0x43A4F0,0x43A580,0x43A610,0x43A670,0x43A6B0,0x43A6C0,0x43A6D0,0x43A6F0,0x43A710,
0x43A8A0,0x43A900,0x43A930,0x43A940,0x43A950,0x43A970,0x43AB30,0x43ABA0,0x43AC50,0x43AC80,0x43ACB0,0x43AD10,
0x43AD30,0x43AD60,0x43ADA0,0x43ADF0,0x43AE40,0x43AE60,0x43AEF0,0x43AFB0,0x43AFF0,0x43B050,0x43B0D0,0x43B180,
0x43B200,0x43B210,0x43B220,0x43B260,0x43B280,0x43B2E0,0x43B320,0x43B3E0,0x43B6F0,0x43B700,0x43B710,0x43B720,
0x43B740,0x43B830,0x43B8D0,0x43B910,0x43B9C0,0x43BA80,0x43BAB0,0x43BAC0,0x43BAD0,0x43BB00,0x43BB30,0x43BBA0,
0x43BBC0,0x43BBF0,0x43BC20,0x43BCE0,0x43BDA0,0x43BDB0,0x43BDC0,0x43BE30,0x43BE40,0x43C010,0x43C080,0x43C0D0,
0x43C340,0x43C3C0,0x43C3F0,0x43C400,0x43C410,0x43C430,0x43C490,0x43C4A0,0x43C4C0,0x43C4D0,0x43C510,0x43C540,
0x43C580,0x43C5F0,0x43C620,0x43C760,0x43C8F0,0x43C930,0x43C970,0x43C9A0,0x43C9D0,0x43CA00,0x43CA40,0x43CCB0,
0x43D440,0x43D8E0,0x43DCD0,0x43DE50,0x43DE60,0x43DF70,0x43DF90,0x43E0E0,0x43E180,0x43E2D0,0x43E340,0x43E3E0,
0x43E4A0,0x43E8D0,0x43E8F0,0x43EAE0,0x43F160,0x43F170,0x43F190,0x43F1B0,0x43F1D0,0x43F210,0x43F220,0x43F240,
0x43F260,0x43F2F0,0x43F430,0x43F470,0x43F510,0x43F590,0x43F5C0,0x43F690,0x43F6C0,0x43F6D0,0x43F6E0,0x43F700,
0x43F710,0x43F720,0x43F740,0x43F750,0x43F770,0x43F7B0,0x43F7E0,0x43F810,0x43F820,0x43F830,0x43F840,0x43F850,
0x43F890,0x43F8E0,0x43F920,0x43F960,0x43F970,0x43F9C0,0x43F9F0,0x43FA90,0x43FAF0,0x43FB00,0x43FB20,0x43FBA0,
0x43FCD0,0x43FE30,0x43FF10,0x43FF30,0x43FF60,0x440100,0x440230,0x4402A0,0x440390,0x440490,0x4404D0,0x440520,
0x440790,0x440990,0x440A30,0x440A60,0x440A80,0x440B10,0x440D60,0x440F70,0x441030,0x4412C0,0x4412E0,0x441640,
0x4419A0,0x441C50,0x441C60,0x441CD0,0x441CE0,0x441CF0,0x441D10,0x441D70,0x441DD0,0x441DF0,0x4425E0,0x4426A0,
0x4426B0,0x4426C0,0x4426E0,0x4427D0,0x4427E0,0x442870,0x442890,0x4428B0,0x4428D0,0x4428F0,0x442960,0x4429D0,
0x4429F0,0x442A00,0x442A10,0x442A50,0x442AD0,0x442B90,0x442BA0,0x442BC0,0x442BD0,0x442BE0,0x442C00,0x442C60,
0x442CD0,0x442CE0,0x442D50,0x442D70,0x442DC0,0x442DF0,0x442E20,0x442EC0,0x442F60,0x442FB0,0x442FC0,0x442FF0,
0x44306B,0x443090,0x4430D0,0x443160,0x4431D1,0x4431F0,0x443200,0x443265,0x4432B0,0x4432F0,0x4433A0,0x4433B0,
0x4433D0,0x443420,0x443460,0x443520,0x4437E0,0x4438B0,0x443930,0x443BF0,0x443C00,0x443CF0,0x443D00,0x443DB0,
0x443DD0,0x443E80,0x444AB0,0x444AD0,0x444B40,0x444BA0,0x444BD0,0x444C90,0x444CF0,0x444D00,0x444D10,0x444D30,
0x444D50,0x4450D0,0x445130,0x445240,0x4452A0,0x445630,0x445A90,0x445AB0,0x445BF6,0x445C60,0x445CD0,0x445DB0,
0x4469D0,0x4469E0,0x446A40,0x446AA0,0x446B70,0x446BC0,0x446C70,0x446C90,0x446D00,0x446D40,0x446D50,0x446DA0,
0x446DB0,0x446E00,0x446E20,0x446E70,0x446F10,0x446F60,0x447110,0x447160,0x4471A0,0x4471C0,0x44723B,0x447260,
0x4472A0,0x447300,0x447340,0x4473D0,0x4473F0,0x447430,0x447460,0x4474E0,0x4474F0,0x447510,0x447520,0x447530,
0x447540,0x447550,0x447570,0x4475A0,0x4475B0,0x4475C0,0x4475D0,0x447610,0x447630,0x447640,0x447650,0x447690,
0x4476C0,0x447770,0x4477F0,0x447860,0x4479F0,0x447A0D,0x447A50,0x4480C0,0x4480F0,0x448110,0x448140,0x448160,
0x448180,0x4481B0,0x4481D0,0x4481F0,0x448220,0x448250,0x448280,0x4482B0,0x4482E0,0x448310,0x448340,0x448360,
0x448380,0x4483A0,0x4483D0,0x448400,0x4484D0,0x448530,0x448590,0x4485F0,0x448640,0x448650,0x448730,0x4487D0,
0x448860,0x448880,0x448890,0x4488A0,0x4488C0,0x4488D0,0x448940,0x4489B0,0x448A20,0x448A90,0x448B00,0x448B70,
0x448BE0,0x448BF0,0x448C20,0x448C50,0x448CF0,0x448D00,0x448D80,0x448E40,0x448E60,0x448ED0,0x448EF0,0x448F10,
0x449000,0x449010,0x449050,0x449080,0x449090,0x4490A0,0x4490B0,0x4490D0,0x4490E0,0x449100,0x449130,0x4491A0,
0x4491F0,0x449210,0x449230,0x449290,0x449310,0x449340,0x449400,0x449440,0x449740,0x449800,0x449840,0x449880,
0x4498A0,0x4499F0,0x449A70,0x449A80,0x449A90,0x449AA0,0x449AB0,0x449AC0,0x449AD0,0x449AE0,0x449AF0,0x449B00,
0x449B20,0x449B30,0x449B40,0x449B50,0x449B60,0x449B70,0x449B80,0x449B90,0x449BA0,0x449BD0,0x449C00,0x449C30,
0x449C50,0x449C60,0x449CA0,0x449CC0,0x449CD0,0x449CE0,0x449CF0,0x449D10,0x449D20,0x449D30,0x449D70,0x449D80,
0x449D90,0x449DA0,0x449DC0,0x449DD0,0x449DE0,0x449E00,0x449E30,0x449E70,0x449E80,0x449F80,0x449FD0,0x449FE0,
0x44A210,0x44A230,0x44A250,0x44A260,0x44A280,0x44A290,0x44A2B0,0x44A2C0,0x44A2D0,0x44A2F0,0x44A310,0x44A330,
0x44A350,0x44A370,0x44A390,0x44A3B0,0x44A3D0,0x44A3F0,0x44A420,0x44A440,0x44A460,0x44A480,0x44A4A0,0x44A4B0,
0x44A4D0,0x44A500,0x44A520,0x44A540,0x44A550,0x44A570,0x44A580,0x44A5A0,0x44A5B0,0x44A5C0,0x44A5E0,0x44A5F0,
0x44A600,0x44A620,0x44A630,0x44A640,0x44A660,0x44A680,0x44A690,0x44A6A0,0x44A6C0,0x44A6E0,0x44A700,0x44A720,
0x44A740,0x44A760,0x44A770,0x44A7A0,0x44A7D0,0x44A820,0x44A880,0x44A8D0,0x44A930,0x44A9C0,0x44AAB0,0x44AB10,
0x44AB70,0x44ABE0,0x44AC90,0x44AD30,0x44AD90,0x44AE00,0x44AE70,0x44AF10,0x44AF80,0x44AFF0,0x44B020,0x44B080,
0x44B140,0x44B1B0,0x44B1E0,0x44B1F0,0x44B260,0x44B2F0,0x44B3E0,0x44B480,0x44B510,0x44B590,0x44B610,0x44B6A0,
0x44B6F0,0x44B700,0x44B810,0x44B920,0x44BAB0,0x44BC40,0x44BC80,0x44C090,0x44C0E0,0x44C100,0x44C130,0x44C340,
0x44C540,0x44C570,0x44C5A0,0x44C840,0x44CAE0,0x44CCF0,0x44CE50,0x44CF10,0x44CFE0,0x44D030,0x44D0C0,0x44D6C0,
0x44D6E0,0x44D6F0,0x44D760,0x44D7D0,0x44D830,0x44D850,0x44D8B0,0x44D8D0,0x44D900,0x44D960,0x44D9B0,0x44D9D0,
0x44DA00,0x44DB50,0x44DBB0,0x44DC50,0x44DCB0,0x44DD20,0x44E3D0,0x44E3F0,0x44E410,0x44E420,0x44E440,0x44E480,
0x44E5A0,0x44E660,0x44E690,0x44E700,0x44E7A0,0x44E830,0x44E8E0,0x44E970,0x44EA20,0x44F2E0,0x44FD50,0x450700,
0x450720,0x450760,0x450770,0x450780,0x4507B0,0x4507D0,0x450800,0x450860,0x450890,0x4508B0,0x4508C0,0x450940,
0x450960,0x450980,0x4509E0,0x450A50,0x450A80,0x450AA0,0x450AB0,0x450AE0,0x450B10,0x450B20,0x450C20,0x450C30,
0x450C50,0x450C70,0x450C90,0x450D00,0x450D20,0x450D70,0x450D80,0x450DA0,0x450E60,0x450F20,0x450F30,0x450FC0,
0x451000,0x451071,0x451090,0x4510B0,0x4510D0,0x4510F0,0x451130,0x451170,0x4511D5,0x451220,0x4512F0,0x451310,
0x451350,0x451390,0x4513B0,0x451420,0x451430,0x4514B0,0x451750,0x451770,0x451A30,0x451A50,0x451CF0,0x451DB2,
0x451E00,0x451E90,0x4524E0,0x452510,0x452580,0x452720,0x452740,0x452760,0x4527A0,0x4527C0,0x452830,0x4528F0,
0x452A20,0x452A70,0x452D20,0x452D30,0x452D40,0x452D60,0x452D90,0x452DE0,0x452E10,0x452E30,0x452E70,0x452E90,
0x452F00,0x453190,0x453320,0x453340,0x453540,0x453570,0x4535A0,0x4535B0,0x4535C0,0x4535F0,0x453640,0x4536A0,
0x453710,0x453750,0x453810,0x453830,0x453840,0x453870,0x4538A0,0x4538C0,0x4538E0,0x453CF0,0x453D70,0x453D90,
0x453DC0,0x453DE0,0x453E00,0x453E20,0x453E60,0x453E80,0x454030,0x454070,0x4540B0,0x4540E0,0x454160,0x454360,
0x4543A0,0x45454E,0x454640,0x454900,0x454A60,0x454AE0,0x454C20,0x454CC0,0x454CE0,0x454E00,0x454E30,0x454E60,
0x455090,0x4555E0,0x455640,0x4557D0,0x455830,0x4558C0,0x455960,0x455A00,0x455AD0,0x455AE0,0x455B00,0x455B20,
0x455B30,0x455B40,0x455B50,0x455BB0,0x455BE0,0x455C00,0x455C20,0x455C40,0x455C70,0x455CA0,0x455CD0,0x455CF0,
0x455FE0,0x456000,0x456020,0x456050,0x456080,0x4560B0,0x456360,0x456390,0x4563C0,0x4563E0,0x456420,0x456470,
0x4564B0,0x4564E0,0x456680,0x456770,0x4567E0,0x456870,0x456900,0x456930,0x456980,0x456A00,0x456A30,0x456AD0,
0x456AF0,0x456B10,0x456B20,0x456B50,0x456CC0,0x456CF0,0x4574F0,0x457510,0x4575A0,0x457600,0x4576F0,0x457710,
0x4577E0,0x457800,0x457810,0x457820,0x457840,0x4578C0,0x457900,0x457950,0x4579A0,0x457A00,0x457A80,0x457B00,
0x457EA0,0x457F00,0x457F80,0x457FF0,0x458090,0x458120,0x458290,0x458380,0x458410,0x4584A0,0x4584B0,0x4584D0,
0x4584E0,0x4584F0,0x458610,0x458670,0x458680,0x458710,0x4588D0,0x4588E0,0x4588F0,0x458900,0x458910,0x458940,
0x4589E0,0x458A40,0x458A90,0x458AC0,0x458AF0,0x458B20,0x458B50,0x458F40,0x458F80,0x459010,0x459050,0x459170,
0x459200,0x459270,0x459290,0x459320,0x459350,0x459380,0x4593A0,0x4593C0,0x4593D0,0x4593E0,0x459420,0x459430,
0x459440,0x459450,0x459460,0x459470,0x459520,0x459580,0x459700,0x459720,0x459760,0x4597B0,0x459810,0x459920,
0x459970,0x459980,0x459A20,0x459B40,0x459C30,0x459EA0,0x459F50,0x45A110,0x45A1A0,0x45A1C0,0x45A330,0x45A6D0,
0x45A970,0x45A990,0x45B450,0x45B460,0x45B480,0x45B4A0,0x45B4C0,0x45B580,0x45B5B0,0x45B5E0,0x45B5F0,0x45B600,
0x45B610,0x45B630,0x45B640,0x45B670,0x45B680,0x45B690,0x45B6A0,0x45B6B0,0x45B6C0,0x45B6D0,0x45B6E0,0x45B6F0,
0x45B710,0x45B720,0x45B730,0x45B750,0x45B760,0x45B790,0x45B7C0,0x45B820,0x45B840,0x45B850,0x45B860,0x45B870,
0x45B880,0x45B890,0x45B8B0,0x45B980,0x45B9B0,0x45B9F0,0x45BA20,0x45BA30,0x45BA40,0x45BA50,0x45BA80,0x45BAA0,
0x45BAC0,0x45BAE0,0x45BB00,0x45BB10,0x45BB30,0x45BB50,0x45BB70,0x45BBE0,0x45BC50,0x45BCB0,0x45BCE0,0x45BCF0,
0x45BD10,0x45BD40,0x45C030,0x45C060,0x45C2C0,0x45C2E0,0x45C340,0x45C380,0x45C3E0,0x45C4D0,0x45C5B0,0x45C730,
0x45C740,0x45C7E0,0x45C850,0x45C870,0x45C920,0x45C9A0,0x45CA20,0x45CA40,0x45CB40,0x45CBE0,0x45CDF0,0x45CE60,
0x45CE90,0x45CEF0,0x45CF30,0x45D240,0x45D2D0,0x45D2F0,0x45D330,0x45D460,0x45DAA0,0x45DCD0,0x45E210,0x45E230,
0x45E280,0x45E3D0,0x45E3E0,0x45E3F0,0x45E400,0x45E410,0x45E420,0x45E430,0x45E4D0,0x45E630,0x45E830,0x45EA70,
0x45EBC0,0x45ECF0,0x45ED10,0x45EDA5,0x45EDC0,0x45EDE0,0x45EF60,0x45EF70,0x460030,0x4601B0,0x460210,0x460230,
0x460250,0x460290,0x461830,0x4619C0,0x4619E0,0x4619F0,0x461A00,0x461A20,0x461A40,0x461A50,0x461A80,0x461C10,
0x461C50,0x461C80,0x461CC0,0x461D70,0x461E70,0x461EE0,0x461F00,0x4620B0,0x4620E0,0x462130,0x4621C0,0x462220,
0x462230,0x462250,0x462650,0x462A40,0x462B50,0x463050,0x463070,0x463090,0x4630D0,0x4630E0,0x4630F0,0x463100,
0x463130,0x463140,0x463150,0x463190,0x4631D0,0x4631E0,0x4631F0,0x463240,0x463250,0x463280,0x463290,0x4632A0,
0x4632C0,0x4632D0,0x4632E0,0x4632F0,0x463300,0x463430,0x4634B0,0x463530,0x4635A0,0x463610,0x463640,0x463690,
0x4636E0,0x463710,0x463750,0x463850,0x463880,0x4638A0,0x4638C0,0x4638F0,0x463910,0x463930,0x463940,0x463A50,
0x463A70,0x463AA0,0x463AD0,0x463B40,0x463BB0,0x463BD0,0x463C30,0x463C60,0x463D20,0x463E00,0x463E20,0x463F50,
0x463FB0,0x464110,0x464220,0x464420,0x4644E0,0x464600,0x464630,0x464650,0x464670,0x464690,0x464850,0x4648C1,
0x4648E0,0x464970,0x464A30,0x464AC0,0x464DD0,0x4655E0,0x465650,0x465670,0x4656B0,0x4656F0,0x465720,0x4658E0,
0x465900,0x465950,0x465B90,0x465BA0,0x465BB0,0x465C30,0x465DE0,0x4660B0,0x466100,0x46617A,0x466190,0x466200,
0x466220,0x4662A0,0x467830,0x467CD0,0x467F10,0x467FC0,0x467FD0,0x468000,0x468010,0x468020,0x468040,0x468050,
0x468060,0x468070,0x468090,0x468110,0x4682F0,0x468300,0x468320,0x468340,0x4683A0,0x4683C0,0x4683F0,0x4684B0,
0x4684F0,0x468500,0x468540,0x4687F0,0x468810,0x468870,0x468890,0x4688F0,0x468910,0x468960,0x4689F0,0x468A40,
0x468A90,0x468AB0,0x468B2B,0x468B50,0x468B90,0x468BF5,0x468C40,0x468CC0,0x468D00,0x468D20,0x468D60,0x468D80,
0x468DD0,0x469090,0x469160,0x469720,0x469730,0x4699B0,0x469A60,0x469AC0,0x469B10,0x469B60,0x469B90,0x469BC0,
0x469BD0,0x469BF0,0x469C00,0x469C10,0x469C50,0x469C70,0x469CC0,0x469CD0,0x469E60,0x469F00,0x469F60,0x469F80,
0x469FD0,0x46A035,0x46A080,0x46A0A0,0x46A120,0x46A130,0x46A170,0x46A190,0x46A200,0x46A220,0x46A2F0,0x46A390,
0x46A3F0,0x46A560,0x46A5E0,0x46A640,0x46A660,0x46A6A0,0x46A6D0,0x46A7B0,0x46A800,0x46A850,0x46A900,0x46A920,
0x46A940,0x46A950,0x46A970,0x46A990,0x46A9C0,0x46AA00,0x46AAA0,0x46AAD0,0x46ABB0,0x46AC70,0x46ACB0,0x46ACE0,
0x46AEA0,0x46AF00,0x46AF60,0x46AFB0,0x46B170,0x46B1D0,0x46B200,0x46B220,0x46B2A0,0x46B420,0x46B480,0x46B4A0,
0x46B4F0,0x46B5E0,0x46C1A0,0x46C1F0,0x46C210,0x46C220,0x46C230,0x46C270,0x46C2A0,0x46C2C0,0x46C300,0x46C330,
0x46C350,0x46C390,0x46C3B0,0x46C3D0,0x46C410,0x46C450,0x46C4A0,0x46C4B0,0x46C4D0,0x46C4F0,0x46C510,0x46C6E0,
0x46C980,0x46CB50,0x46CEB0,0x46CEF0,0x46CF30,0x46CF80,0x46CFD0,0x46CFF0,0x46D010,0x46D030,0x46D0E0,0x46D380,
0x46EA50,0x46EB10,0x46EC00,0x46EC30,0x46ECD0,0x46ED10,0x46EDC0,0x46EEA0,0x46F050,0x46F060,0x46F300,0x46F460,
0x46F480,0x46F540,0x46F790,0x46F810,0x46F840,0x46F8C0,0x46F920,0x46F980,0x46F9C0,0x46FA00,0x46FA90,0x46FAC0,
0x46FB70,0x46FB90,0x46FC60,0x46FD00,0x46FD30,0x46FD90,0x46FDC0,0x46FDD0,0x46FDE0,0x46FDF0,0x46FE10,0x46FE30,
0x46FEA0,0x46FEE0,0x46FF30,0x46FFB0,0x470020,0x470080,0x4700B0,0x470150,0x4702C0,0x470390,0x4703D0,0x470410,
0x470CD0,0x470CF0,0x470D10,0x470D30,0x470D60,0x470DC0,0x470EB0,0x470ED0,0x470F70,0x470F90,0x470FC0,0x4710C0,
0x471150,0x471240,0x4712C0,0x471320,0x4713B0,0x4714C0,0x471500,0x471560,0x471590,0x4715F9,0x471610,0x471630,
0x471690,0x4716E0,0x471730,0x471780,0x4717FB,0x471820,0x471860,0x4718C5,0x471910,0x471970,0x4719E0,0x471A20,
0x471A30,0x471A50,0x471A80,0x471AE9,0x471B00,0x471B10,0x471B70,0x471B80,0x471BD0,0x471C80,0x471CD0,0x471CF0,
0x471D6B,0x471D90,0x471EE0,0x471EF0,0x471F00,0x471F10,0x471F50,0x471F70,0x471FB0,0x472C70,0x472C90,0x472CB0,
0x472CE0,0x472D20,0x472D30,0x472D70,0x472DD0,0x472E00,0x472E20,0x472FE0,0x473110,0x473280,0x473320,0x473330,
0x473340,0x473360,0x473370,0x473540,0x473590,0x4735B0,0x4735C0,0x473640,0x4736A0,0x4736B0,0x4736D0,0x4736F0,
0x473700,0x473720,0x473870,0x473920,0x473980,0x4739D0,0x473A20,0x473A30,0x473A50,0x473A70,0x473A80,0x473AB0,
0x473AC0,0x473AD0,0x473AF0,0x473B30,0x473B40,0x473B60,0x473D20,0x473D70,0x473DF0,0x473EF0,0x473F10,0x473FD0,
0x473FF0,0x474000,0x474030,0x474050,0x474080,0x4740C0,0x4741D0,0x474200,0x474250,0x474260,0x474280,0x474290,
0x4742A0,0x4742E0,0x474320,0x474380,0x474400,0x474410,0x474470,0x4744C0,0x4744E0,0x474500,0x474520,0x474530,
0x474560,0x474570,0x4745A0,0x4745B0,0x4745FD,0x474640,0x4746E0,0x4749B0,0x474BC0,0x474D50,0x474D70,0x474DA0,
0x474DED,0x474E30,0x474E60,0x474E80,0x474E90,0x474EC0,0x474EE0,0x474F10,0x474F50,0x474F80,0x474FF0,0x475020,
0x475202,0x4752B1,0x475330,0x475410,0x475440,0x475720,0x475790,0x4757A0,0x4757B0,0x4757C0,0x4757D0,0x475820,
0x475980,0x4759C0,0x475A30,0x475A70,0x475AB0,0x475AF0,0x475B40,0x475BD0,0x475C60,0x475CD0,0x475D20,0x475DA0,
0x475DF0,0x475E40,0x475E60,0x475E90,0x475F20,0x475F30,0x475F40,0x475F60,0x475FA0,0x475FC0,0x475FD0,0x475FE0,
0x476020,0x476070,0x476090,0x476140,0x476150,0x476170,0x4761A0,0x4761F0,0x476530,0x4765B0,0x4765D0,0x476620,
0x476650,0x476810,0x4768F0,0x4769D0,0x4769F0,0x476B10,0x476BB0,0x476E20,0x476EB0,0x476F00,0x477020,0x4770C0,
0x477150,0x4772A0,0x4772D0,0x4772F0,0x4773F0,0x477520,0x477570,0x4775B0,0x477610,0x477690,0x477700,0x477730,
0x477790,0x4777A0,0x4777D0,0x4777F0,0x477A90,0x477AA0,0x477C50,0x477E00,0x478010,0x478030,0x478040,0x478200,
0x478390,0x4783B0,0x4783C0,0x4785D0,0x4785F0,0x478610,0x478670,0x478700,0x478860,0x4788A0,0x478960,0x4789E0,
0x478DB0,0x478E70,0x4792A0,0x479660,0x4796D0,0x479790,0x4797D0,0x479810,0x479840,0x479870,0x4798D0,0x4798F0,
0x479910,0x479930,0x479AB0,0x479B30,0x479BC0,0x479C30,0x479D10,0x479D80,0x479DF0,0x479E40,0x479E90,0x479EF0,
0x479F10,0x479F30,0x479F50,0x47A0D0,0x47A120,0x47A180,0x47A2C0,0x47A340,0x47A3A0,0x47A400,0x47A4A0,0x47A510,
0x47A5A0,0x47A660,0x47A760,0x47A840,0x47A8E0,0x47A9A0,0x47AA40,0x47AAF0,0x47ABA0,0x47AC40,0x47AC50,0x47AD60,
0x47ADC0,0x47ADE0,0x47B010,0x47B060,0x47B290,0x47B300,0x47B400,0x47B5A0,0x47B5D0,0x47B640,0x47B680,0x47B720,
0x47B760,0x47B780,0x47B7D0,0x47B850,0x47B8A0,0x47B8C0,0x47BA60,0x47BD90,0x47BDA0,0x47BDB0,0x47BDD0,0x47BE30,
0x47BEA0,0x47BED0,0x47BF40,0x47BF50,0x47BFB0,0x47C050,0x47C070,0x47C100,0x47C130,0x47C1B0,0x47C2D0,0x47C3E0,
0x47C460,0x47C4F0,0x47C710,0x47C8E0,0x47C900,0x47C910,0x47C920,0x47C940,0x47C9B0,0x47CA20,0x47CAB0,0x47CAF0,
0x47CB20,0x47CB90,0x47CC10,0x47CC30,0x47CD70,0x47CE00,0x47CE50,0x47CE60,0x47CED0,0x47CEE0,0x47CEF0,0x47CF30,
0x47CF50,0x47CFA0,0x47CFB0,0x47CFC0,0x47D060,0x47D0B0,0x47D140,0x47D1C0,0x47D350,0x47D3F0,0x47D410,0x47D470,
0x47D4D0,0x47D560,0x47D580,0x47D5A0,0x47D5C0,0x47D7D0,0x47D880,0x47DAA0,0x47DB48,0x47DB60,0x47DC10,0x47DC90,
0x47DCE0,0x47DE50,0x47DEB0,0x47DF60,0x47DFC0,0x47DFD0,0x47DFE0,0x47E000,0x47E060,0x47E0B0,0x47E0E0,0x47E130,
0x47E140,0x47E1BB,0x47E1E0,0x47E1F0,0x47E230,0x47E270,0x47E300,0x47E365,0x47E3B0,0x47E3F0,0x47E4A0,0x47E4C0,
0x47E4E0,0x47E530,0x47E570,0x47E830,0x47E8B0,0x47E9B0,0x47E9C0,0x47EA00,0x47ECB0,0x47ECD0,0x47EDF0,0x47EE10,
0x47EEF0,0x47F0E0,0x47F270,0x47F280,0x47F290,0x47F2B0,0x47F2D0,0x47F2F0,0x47F310,0x47F340,0x47F370,0x47F390,
0x47F3B0,0x47F3D0,0x47F400,0x47F450,0x47F4A0,0x47F4F0,0x47F510,0x47F540,0x47F580,0x47F590,0x47F5B0,0x47F660,
0x47F690,0x47F6E0,0x47F6F0,0x47F700,0x47F710,0x47F730,0x47F750,0x47F760,0x47F7F0,0x47F830,0x47F860,0x47F890,
0x47F980,0x47FA00,0x47FA20,0x47FB10,0x47FB30,0x47FB60,0x47FB90,0x47FBC0,0x47FCC0,0x47FD30,0x47FE00,0x47FE30,
0x47FE70,0x47FEF0,0x47FF90,0x480020,0x4801E0,0x480200,0x4802D0,0x480410,0x480490,0x480630,0x480700,0x4807D0,
0x480820,0x480870,0x480A30,0x480AC0,0x480B50,0x480D30,0x480D50,0x480D60,0x480D80,0x480D90,0x480DC0,0x480E10,
0x480E40,0x480E60,0x480E90,0x480EC0,0x480EF0,0x480F00,0x480F50,0x480F70,0x480FA0,0x480FC0,0x481000,0x481040,
0x481090,0x4810A0,0x4810D0,0x481100,0x481130,0x481180,0x4811B0,0x481300,0x4814D0,0x481500,0x481590,0x4815C0,
0x48164C,0x4816A0,0x4816B0,0x4816E0,0x481750,0x4817B0,0x4817F0,0x481870,0x481A00,0x481A30,0x481C80,0x481CA0,
0x481CE0,0x481D50,0x481EC9,0x481F52,0x481FD0,0x482080,0x4820D0,0x482150,0x4822A0,0x4824B0,0x482540,0x482560,
0x482730,0x4827B0,0x4828E0,0x482A30,0x482B40,0x483640,0x483770,0x483790,0x4837B0,0x4837C0,0x4837E0,0x483800,
0x483820,0x483830,0x4838D0,0x4838F0,0x483940,0x483960,0x483980,0x4839A0,0x4839C0,0x483A00,0x483A40,0x483A60,
0x483A70,0x483A80,0x483AA0,0x483B20,0x483B40,0x483B50,0x483B60,0x483CA0,0x483CC0,0x484480,0x484490,0x4844A0,
0x4844C0,0x4844E0,0x4844F0,0x484500,0x484510,0x484530,0x484550,0x484580,0x4845C0,0x484600,0x484620,0x484680,
0x4846E0,0x484700,0x484750,0x4847E0,0x484830,0x484850,0x484910,0x48498B,0x4849B0,0x4849F0,0x484A55,0x484AA0,
0x484B20,0x484B60,0x484B80,0x484BC0,0x484C50,0x484C70,0x484D40,0x484D60,0x485020,0x4850F0,0x4851D0,0x485210,
0x485390,0x4853A0,0x4853D0,0x485690,0x485700,0x485710,0x485740,0x4857E0,0x485880,0x4858C0,0x4859D0,0x485A00,
0x485A70,0x485B10,0x485B40,0x485B60,0x485BA0,0x485C40,0x485D30,0x485DD0,0x486010,0x4861A0,0x4861C0,0x486280,
0x486310,0x486330,0x4863C0,0x4864C0,0x4866C0,0x486700,0x486720,0x486750,0x4867C0,0x4867E0,0x4867F0,0x486800,
0x486850,0x4868B0,0x486910,0x4869B0,0x486A30,0x486AD0,0x486B40,0x486B90,0x486BE0,0x486C70,0x486D00,0x486DA0,
0x486E30,0x486F70,0x487250,0x4872C0,0x487390,0x487460,0x4874A0,0x487520,0x4875A0,0x487620,0x487720,0x487760,
0x4877B0,0x487840,0x487860,0x487A20,0x487A90,0x487AA0,0x487DD0,0x4881A0,0x488520,0x488540,0x488580,0x488590,
0x4885E0,0x488660,0x488670,0x4886F0,0x488740,0x488780,0x4887B0,0x4887E0,0x488800,0x4888E0,0x488A20,0x488C60,
0x488CC0,0x488CE0,0x488D10,0x488D20,0x488D70,0x488DA0,0x488DF0,0x488E40,0x488E90,0x488EA0,0x488ED0,0x488FA0,
0x488FC0,0x489000,0x489050,0x489070,0x4890B0,0x489560,0x489640,0x489660,0x489680,0x4896D0,0x489710,0x489790,
0x4897F0,0x489810,0x489B40,0x489BB0,0x489C00,0x489C70,0x489DA0,0x489E20,0x489F00,0x48A0E0,0x48A0F0,0x48A110,
0x48A140,0x48A170,0x48A210,0x48A270,0x48A2C0,0x48A350,0x48A3D0,0x48A670,0x48A700,0x48A750,0x48A930,0x48ABC0,
0x48AD30,0x48AD60,0x48AE60,0x48AF40,0x48AF80,0x48AFB0,0x48B100,0x48B120,0x48B150,0x48B180,0x48B1C0,0x48B1D0,
0x48B210,0x48B230,0x48B240,0x48B260,0x48B280,0x48B2A0,0x48B2B0,0x48B330,0x48B390,0x48B3B0,0x48B3D0,0x48B3F0,
0x48B410,0x48B470,0x48B4D0,0x48B530,0x48B560,0x48B590,0x48B5B0,0x48B5D0,0x48B5F0,0x48B610,0x48B630,0x48B640,
0x48B650,0x48B670,0x48B6C0,0x48B700,0x48B8D0,0x48BB70,0x48BCC0,0x48BD10,0x48BDD0,0x48BE00,0x48BE20,0x48BE30,
0x48BE50,0x48BE70,0x48BE90,0x48BEB0,0x48BED0,0x48BEF0,0x48BF10,0x48BF20,0x48BF40,0x48BF60,0x48BF80,0x48BFB0,
0x48BFE0,0x48C010,0x48C030,0x48C070,0x48C090,0x48C0D0,0x48C0F0,0x48C110,0x48C210,0x48C240,0x48C2D0,0x48C500,
0x48C550,0x48C570,0x48C590,0x48C5B0,0x48C5E0,0x48C610,0x48C6A0,0x48C6D0,0x48C700,0x48C7A0,0x48C7D0,0x48C810,
0x48C840,0x48C8B0,0x48C900,0x48C980,0x48CC20,0x48CC40,0x48CD30,0x48CD60,0x48CE10,0x48CE50,0x48CE60,0x48CEA0,
0x48CEE0,0x48CF20,0x48CF60,0x48CFD0,0x48D030,0x48D070,0x48D0D0,0x48D0F0,0x48D110,0x48D160,0x48D1A0,0x48D210,
0x48D260,0x48D590,0x48D830,0x48D940,0x48D990,0x48D9A0,0x48D9D0,0x48DA80,0x48DAB0,0x48DAE0,0x48DB10,0x48DB30,
0x48DB60,0x48DBB0,0x48DBF0,0x48DC10,0x48DCCA,0x48DCE0,0x48DE90,0x48DF90,0x48E0FB,0x48E1D0,0x48E1F0,0x48E220,
0x48E260,0x48E290,0x48E2E0,0x48E330,0x48E370,0x48E3B0,0x48E400,0x48E4E4,0x48E500,0x48E5DE,0x48E600,0x48E670,
0x48E6E0,0x48E730,0x48E760,0x48E770,0x48E7CB,0x48E810,0x48E830,0x48E870,0x48E880,0x48E8C0,0x48EA30,0x48EAC0,
0x48EB50,0x48EC40,0x48EC60,0x48ED30,0x48ED70,0x48EDE0,0x48EE10,0x48EE73,0x48EEB0,0x48EF51,0x48EFA0,0x48F390,
0x48F650,0x48F700,0x48F9D0,0x48FA70,0x48FA90,0x48FAB0,0x48FAE0,0x48FB10,0x48FB40,0x490000,0x4903A0,0x490530,
0x4905E0,0x490620,0x490640,0x4906B0,0x490829,0x4908B2,0x490930,0x490970,0x4909A0,0x4909E0,0x490A90,0x490AF0,
0x490CB1,0x490D6E,0x490E10,0x490E40,0x490F20,0x491130,0x491160,0x491800,0x491880,0x491960,0x4919E0,0x491A00,
0x491A30,0x491A40,0x491A50,0x491A70,0x491A90,0x491B80,0x491BC0,0x491BF0,0x491C40,0x491C70,0x491CA0,0x491CC0,
0x491CF0,0x491D40,0x491D80,0x491E2A,0x491E40,0x491EB0,0x491EC0,0x491EE0,0x491F30,0x491F50,0x491FB0,0x492000,
0x492090,0x492120,0x492130,0x492190,0x4921E0,0x492210,0x4923F0,0x492440,0x492450,0x4924B0,0x49252B,0x492550,
0x492560,0x4925A0,0x4926A0,0x4926E0,0x492745,0x492790,0x4927D0,0x492910,0x492930,0x492950,0x4929D0,0x492C90,
0x492CD0,0x492D50,0x492D70,0x492E40,0x492EA0,0x492EC0,0x4930F0,0x493100,0x493130,0x493140,0x4931D0,0x493230,
0x4932A0,0x493310,0x493360,0x4933B0,0x493450,0x4934E0,0x4934F0,0x493500,0x493510,0x493560,0x493580,0x4935A0,
0x4935D0,0x493600,0x493620,0x493640,0x493660,0x493680,0x4936A0,0x4936C0,0x4936E0,0x493700,0x493720,0x493740,
0x4937C0,0x493800,0x493890,0x4938B0,0x4938F0,0x493930,0x493960,0x493990,0x493A10,0x493A90,0x493AA0,0x493AB0,
0x493AC0,0x493AD0,0x493AE0,0x493AF0,0x493B10,0x493B30,0x493B50,0x493B60,0x493B70,0x493B90,0x493BB0,0x493BD0,
0x493BE0,0x493BF0,0x493C60,0x493CC0,0x493D20,0x493D80,0x493D90,0x493DD0,0x493DF0,0x493E10,0x493E50,0x493EB0,
0x493EF0,0x493F20,0x493F50,0x493FA0,0x493FF0,0x494040,0x4940A0,0x494110,0x494150,0x4941B0,0x494210,0x494280,
0x4942C0,0x494300,0x494370,0x4943E0,0x494450,0x4944A0,0x494500,0x494580,0x4945F0,0x494650,0x4946B0,0x494700,
0x494750,0x494770,0x494790,0x4947B0,0x494870,0x494880,0x4949A0,0x4949C0,0x4949E0,0x494A00,0x494A20,0x494A40,
0x494A60,0x494A80,0x494A90,0x494AA0,0x494AC0,0x494AF0,0x494B50,0x494BB0,0x494BF0,0x494C10,0x494C60,0x494C80,
0x494CF0,0x494D10,0x494D30,0x494D80,0x494DA0,0x494DF0,0x494E10,0x494E30,0x494E70,0x494EB0,0x494ED0,0x494EF0,
0x494F60,0x494F80,0x494FF0,0x495010,0x495030,0x495080,0x4950A0,0x4950C0,0x4950E0,0x495100,0x495120,0x495170,
0x4951C0,0x4951D0,0x4951E0,0x495300,0x4953F0,0x495440,0x495490,0x4954E0,0x495530,0x495580,0x495590,0x4955E0,
0x495630,0x495680,0x4956E0,0x495700,0x495720,0x495740,0x495760,0x495780,0x4957A0,0x4957C0,0x4957E0,0x495880,
0x4958B0,0x4958E0,0x495910,0x495920,0x495950,0x495960,0x495990,0x4959C0,0x4959F0,0x495A00,0x495A30,0x495A40,
0x495A70,0x495A80,0x495AB0,0x495AC0,0x495AF0,0x495B00,0x495B30,0x495B40,0x495B70,0x495B80,0x495BD0,0x495BE0,
0x495BF0,0x495C00,0x495C4D,0x495C90,0x495CF0,0x495D30,0x495D90,0x495DD0,0x495E42,0x495E80,0x495ECD,0x495F10,
0x495F69,0x495FA0,0x495FED,0x496030,0x496096,0x4960D0,0x496129,0x496160,0x4961B9,0x4961F0,0x4962D0,0x4962E0,
0x496330,0x4963A6,0x4963E0,0x49642D,0x496460,0x4964BB,0x4964F0,0x496555,0x496590,0x4965DD,0x496610,0x49665D,
0x496690,0x4966FB,0x496730,0x496795,0x4967D0,0x49682B,0x496860,0x4968BB,0x4968F0,0x496920,0x496950,0x496980,
0x4969B0,0x496A10,0x496A70,0x496A90,0x496AC0,0x496AF0,0x496B20,0x496B50,0x496B80,0x496BB0,0x496BE0,0x496C10,
0x496C40,0x496C60,0x496CF0,0x496D30,0x496DAE,0x496DD0,0x496E00,0x496E30,0x496E60,0x496E90,0x496EC0,0x496EF0,
0x496F20,0x496F50,0x496F80,0x496FB0,0x496FE0,0x497010,0x497030,0x497050,0x497080,0x4970B0,0x4970E0,0x497100,
0x497120,0x497140,0x497160,0x497180,0x4971A0,0x4971C0,0x4971E0,0x497200,0x497220,0x497250,0x497290,0x4972D0,
0x497310,0x497350,0x497390,0x4973C0,0x497410,0x497450,0x497490,0x4974D0,0x497510,0x497540,0x497570,0x4975A0,
0x49765D,0x497670,0x4976A0,0x4976C0,0x4976E0,0x497700,0x497740,0x4977F0,0x497820,0x497850,0x497880,0x4978B0,
0x4978E0,0x497910,0x497940,0x497970,0x4979A0,0x497A05,0x497A50,0x497AA0,0x497B10,0x497B60,0x497BD0,0x497C10,
0x497C60,0x497CB0,0x497CF0,0x497D10,0x497EFE,0x497FA8,0x498030,0x498070,0x49811A,0x498130,0x498160,0x498190,
0x4981C0,0x4981F0,0x498220,0x498250,0x498280,0x4982A0,0x4982B0,0x4982C0,0x4982E0,0x4982F0,0x498310,0x498320,
0x498330,0x498380,0x4983F0,0x498470,0x4984D0,0x4986BA,0x498764,0x4987F0,0x4989C4,0x498A84,0x498B20,0x498CA7,
0x498D30,0x498DB0,0x498F9B,0x499044,0x4990C0,0x49927E,0x499328,0x4993B0,0x49958E,0x499637,0x4996C0,0x49988C,
0x499937,0x4999C0,0x499B43,0x499BCC,0x499C50,0x499E08,0x499EB1,0x499F30,0x499F80,0x49A000,0x49A080,0x49A0E0,
0x49A0F0,0x49A260,0x49A3D0,0x49A420,0x49A470,0x49A640,0x49A820,0x49AA00,0x49AA50,0x49AAB0,0x49AB00,0x49AB50,
0x49AB70,0x49AB90,0x49ABA0,0x49ABC0,0x49ABD0,0x49ABF0,0x49AC00,0x49AC20,0x49AC30,0x49AC50,0x49AC70,0x49AC90,
0x49ACA0,0x49ACC0,0x49AD20,0x49AD60,0x49ADA0,0x49AF40,0x49AFD0,0x49AFF0,0x49B060,0x49B0D0,0x49B120,0x49B190,
0x49B200,0x49B270,0x49B2E0,0x49B330,0x49B3A0,0x49B660,0x49B6B0,0x49B6E0,0x49B730,0x49B770,0x49B7C0,0x49B810,
0x49B870,0x49B8E0,0x49B900,0x49B920,0x49B940,0x49B970,0x49B9B0,0x49BA40,0x49BAD0,0x49BB70,0x49BBE0,0x49BC70,
0x49BD00,0x49BD70,0x49BE00,0x49BE90,0x49BF50,0x49BFA0,0x49BFB0,0x49C010,0x49C030,0x49C090,0x49C0B0,0x49C0C0,
0x49C0D0,0x49C1D0,0x49C490,0x49C8E0,0x49CA00,0x49CC90,0x49CF50,0x49D0B0,0x49D200,0x49D450,0x49D4CB,0x49D4F0,
0x49D500,0x49D510,0x49D540,0x49D550,0x49D580,0x49D590,0x49D5A0,0x49D5F9,0x49D630,0x49D689,0x49D6C0,0x49D700,
0x49D7C0,0x49D800,0x49D85B,0x49D890,0x49D8EB,0x49D920,0x49D9D0,0x49DA35,0x49DA80,0x49DB10,0x49DB40,0x49DB70,
0x49DBB0,0x49DCB0,0x49DCE0,0x49DD10,0x49DD30,0x49DD50,0x49DD70,0x49DD90,0x49DDB0,0x49DDF0,0x49DE10,0x49DE50,
0x49DE70,0x49DE90,0x49DEC0,0x49DEF0,0x49DF30,0x49DF70,0x49DFF0,0x49E2B0,0x49E2E0,0x49E310,0x49E330,0x49E3F0,
0x49E430,0x49E5E8,0x49E691,0x49E710,0x49E890,0x49E919,0x49E9A0,0x49EF60,0x49EF80,0x49EFF0,0x49F030,0x49F050,
0x49F090,0x49F320,0x49F390,0x49F3E0,0x49F5D0,0x49F5F0,0x49F680,0x49F6F0,0x49FE20,0x4A00E0,0x4A01A0,0x4A02C0,
0x4A03B0,0x4A0490,0x4A05D0,0x4A06E0,0x4A0710,0x4A0720,0x4A0730,0x4A0750,0x4A0770,0x4A0790,0x4A07B0,0x4A07F0,
0x4A0870,0x4A08F0,0x4A0910,0x4A0970,0x4A0990,0x4A0BA0,0x4A0BF0,0x4A0C00,0x4A0C10,0x4A0C30,0x4A0C60,0x4A0C90,
0x4A0CF0,0x4A0D10,0x4A0D40,0x4A0D80,0x4A0DD0,0x4A0DF0,0x4A0E10,0x4A0E80,0x4A0EC0,0x4A0EE0,0x4A0EF0,0x4A0F10,
0x4A0F30,0x4A0F40,0x4A0F70,0x4A0F80,0x4A0FEB,0x4A1020,0x4A1080,0x4A10F0,0x4A1130,0x4A1190,0x4A11C0,0x4A11F0,
0x4A1210,0x4A1230,0x4A1270,0x4A1290,0x4A12C0,0x4A1300,0x4A1330,0x4A1502,0x4A15BE,0x4A1650,0x4A1690,0x4A1710,
0x4A1780,0x4A17A0,0x4A1840,0x4A1930,0x4A19A0,0x4A1A10,0x4A1A40,0x4A1A60,0x4A1B10,0x4A1BB0,0x4A1C30,0x4A1C50,
0x4A1CA0,0x4A1D20,0x4A1D90,0x4A1E40,0x4A1EB0,0x4A1F70,0x4A1F80,0x4A1F90,0x4A1FB0,0x4A1FD0,0x4A2000,0x4A2030,
0x4A2050,0x4A2070,0x4A2080,0x4A20A0,0x4A20C0,0x4A2110,0x4A2150,0x4A2190,0x4A21D0,0x4A2230,0x4A22A0,0x4A2300,
0x4A2410,0x4A2470,0x4A2490,0x4A24B0,0x4A24D0,0x4A24F0,0x4A2510,0x4A2520,0x4A2580,0x4A25F0,0x4A2650,0x4A26B0,
0x4A26D0,0x4A2730,0x4A2750,0x4A27A0,0x4A27C0,0x4A2810,0x4A28C0,0x4A29D0,0x4A2A40,0x4A2A80,0x4A2AC0,0x4A2AE0,
0x4A2B00,0x4A2B20,0x4A2B40,0x4A2B60,0x4A2B90,0x4A2BC0,0x4A2BF0,0x4A2C00,0x4A2C30,0x4A2C40,0x4A2C70,0x4A2C80,
0x4A2CB0,0x4A2D30,0x4A2D70,0x4A2DB0,0x4A2E20,0x4A2E40,0x4A2E70,0x4A2E90,0x4A2EC0,0x4A2EE0,0x4A2F3F,0x4A2F80,
0x4A2FDF,0x4A3020,0x4A3050,0x4A3080,0x4A30B0,0x4A30C0,0x4A30F0,0x4A3120,0x4A3150,0x4A3180,0x4A31B0,0x4A31E0,
0x4A3210,0x4A326B,0x4A32A0,0x4A32FB,0x4A3330,0x4A337D,0x4A33B0,0x4A340E,0x4A3450,0x4A34AE,0x4A34F0,0x4A3510,
0x4A3530,0x4A3550,0x4A3570,0x4A3590,0x4A35B0,0x4A35E0,0x4A3610,0x4A3640,0x4A3670,0x4A36A0,0x4A36D0,0x4A373F,
0x4A3780,0x4A37B0,0x4A37E0,0x4A3810,0x4A3840,0x4A3870,0x4A3890,0x4A38D0,0x4A3910,0x4A3950,0x4A3990,0x4A39D0,
0x4A3A00,0x4A3A30,0x4A3A60,0x4A3AC0,0x4A3B20,0x4A3B90,0x4A3BD0,0x4A3C40,0x4A3CB0,0x4A3E68,0x4A3F11,0x4A3F90,
0x4A414A,0x4A41F7,0x4A4280,0x4A444E,0x4A44F7,0x4A4580,0x4A475A,0x4A4815,0x4A48A0,0x4A4A7A,0x4A4B35,0x4A4BC0,
0x4A4C00,0x4A4C50,0x4A4CA0,0x4A4CC0,0x4A4CE0,0x4A4D00,0x4A4D70,0x4A4DE0,0x4A4E50,0x4A4EB0,0x4A4F20,0x4A4F90,
0x4A5148,0x4A51F1,0x4A5270,0x4A52D0,0x4A5330,0x4A5360,0x4A54F0,0x4A5580,0x4A5710,0x4A57A0,0x4A5930,0x4A59C0,
0x4A5A10,0x4A5BB0,0x4A5C50,0x4A5DF0,0x4A5E90,0x4A5F00,0x4A5FD0,0x4A60A0,0x4A61C0,0x4A63B0,0x4A6610,0x4A6740,
0x4A6910,0x4A6940,0x4A6970,0x4A69A0,0x4A69C0,0x4A69E0,0x4A6B70,0x4A6C00,0x4A6D30,0x4A6E70,0x4A6E90,0x4A6FB0,
0x4A6FE0,0x4A7000,0x4A7040,0x4A70C0,0x4A7140,0x4A7160,0x4A71C0,0x4A71E0,0x4A72E0,0x4A72F0,0x4A7300,0x4A7310,
0x4A7330,0x4A7350,0x4A7380,0x4A73A0,0x4A7400,0x4A7430,0x4A7480,0x4A74F0,0x4A7510,0x4A7550,0x4A7570,0x4A7590,
0x4A75B0,0x4A75C0,0x4A75F0,0x4A7662,0x4A76A0,0x4A7716,0x4A7750,0x4A7780,0x4A77B0,0x4A77E0,0x4A7800,0x4A7840,
0x4A7870,0x4A78C0,0x4A78F0,0x4A7ABE,0x4A7B67,0x4A7BF0,0x4A7CC0,0x4A7CE0,0x4A7D60,0x4A7DD0,0x4A7E30,0x4A7EC0,
0x4A82F0,0x4A8460,0x4A85C0,0x4A85E0,0x4A85F0,0x4A8600,0x4A8620,0x4A86E0,0x4A8760,0x4A8780,0x4A87E0,0x4A8820,
0x4A8880,0x4A8A20,0x4A8B80,0x4A8BA0,0x4A8BB0,0x4A8BC0,0x4A8BE0,0x4A8C00,0x4A8C20,0x4A8C40,0x4A8CA0,0x4A8CC0,
0x4A8CE0,0x4A8CF0,0x4A8D20,0x4A8D40,0x4A8D70,0x4A8FF0,0x4A9040,0x4A9070,0x4A90A0,0x4A90D0,0x4A90F0,0x4A9120,
0x4A9140,0x4A9180,0x4A91B0,0x4A91E0,0x4A938A,0x4A9480,0x4A94C0,0x4A9500,0x4A9570,0x4A95C0,0x4A9650,0x4A9880,
0x4A98C0,0x4A98E0,0x4A98F0,0x4A9910,0x4A9930,0x4A9950,0x4A9970,0x4A99A0,0x4A99C0,0x4A9A20,0x4A9A80,0x4A9AB0,
0x4A9B00,0x4A9B60,0x4A9B90,0x4A9BA0,0x4A9BC0,0x4A9BD0,0x4A9BF0,0x4A9C10,0x4A9C60,0x4A9CA0,0x4A9CC0,0x4A9CE0,
0x4A9CF0,0x4A9D40,0x4A9D60,0x4A9D90,0x4A9DA0,0x4A9DD0,0x4A9DE0,0x4A9E48,0x4A9E80,0x4A9EED,0x4A9F30,0x4A9F60,
0x4A9F90,0x4A9FC0,0x4A9FF0,0x4AA010,0x4AA050,0x4AA080,0x4AA0B0,0x4AA120,0x4AA170,0x4AA22B,0x4AA240,0x4AA250,
0x4AA270,0x4AA436,0x4AA4E1,0x4AA570,0x4AA5F0,0x4AA790,0x4AA7E0,0x4AA870,0x4AA8D0,0x4AA940,0x4AA9D0,0x4AAA20,
0x4AAA60,0x4AAA80,0x4AAB10,0x4AAB40,0x4AAB60,0x4AAB70,0x4AAD50,0x4AAD80,0x4AAD90,0x4AADEF,0x4AAE30,0x4AAE8E,
0x4AAED0,0x4AAFD0,0x4AB000,0x4AB030,0x4AB050,0x4AB070,0x4AB0B0,0x4AB0D0,0x4AB100,0x4AB140,0x4AB170,0x4AB337,
0x4AB3E9,0x4AB470,0x4AB4B0,0x4AB530,0x4AB5A0,0x4AB5C0,0x4AB660,0x4AB750,0x4AB770,0x4AB7A0,0x4AB7D0,0x4AB810,
0x4AB870,0x4AB8C0,0x4AB940,0x4AB9C0,0x4ABA40,0x4ABA60,0x4ABDE0,0x4ABE00,0x4ABE20,0x4ABE40,0x4ABE60,0x4ABE70,
0x4ABE90,0x4ABEE0,0x4ABF50,0x4ABFC0,0x4ABFF0,0x4AC090,0x4AC0C0,0x4AC0F0,0x4AC160,0x4AC170,0x4AC1C0,0x4AC210,
0x4AC240,0x4AC270,0x4AC2C0,0x4AC320,0x4AC350,0x4AC380,0x4AC3D0,0x4AC420,0x4AC450,0x4AC480,0x4AC4D0,0x4AC530,
0x4AC560,0x4AC590,0x4AC5C0,0x4AC5F0,0x4AC610,0x4AC630,0x4AC650,0x4AC670,0x4AC690,0x4AC6E0,0x4AC740,0x4AC780,
0x4AC7F0,0x4AC820,0x4AC890,0x4AC8D0,0x4AC940,0x4AC9A0,0x4ACA00,0x4ACA60,0x4ACAC0,0x4ACB20,0x4ACB80,0x4ACC60,
0x4ACD10,0x4ACD20,0x4ACD60,0x4ACDC0,0x4ACE00,0x4ACE70,0x4ACEB0,0x4ACEF0,0x4ACF30,0x4ACF80,0x4ACFA0,0x4ACFC0,
0x4ACFF0,0x4AD020,0x4AD110,0x4AD150,0x4AD180,0x4AD4A0,0x4AD4B0,0x4AD4D0,0x4AD4F0,0x4AD510,0x4AD520,0x4AD530,
0x4AD540,0x4AD550,0x4AD5D0,0x4AD670,0x4AD6E0,0x4AD740,0x4AD800,0x4AD900,0x4AD940,0x4AD970,0x4AD9B0,0x4ADAE0,
0x4ADB00,0x4ADB70,0x4ADBC0,0x4ADC10,0x4ADC30,0x4ADCA0,0x4ADCF0,0x4ADD40,0x4ADF20,0x4AE0D0,0x4AE110,0x4AE120,
0x4AE1B0,0x4AE220,0x4AE240,0x4AE370,0x4AE3E0,0x4AE5C0,0x4AE5F0,0x4AE660,0x4AE730,0x4AE7C0,0x4AE8C0,0x4AE8E0,
0x4AE990,0x4AEAE0,0x4AEC50,0x4AEFE0,0x4AF440,0x4AF460,0x4AF480,0x4AF4D0,0x4AF4E0,0x4AF7A0,0x4AF860,0x4AF980,
0x4AF9B0,0x4AFB10,0x4AFBF0,0x4AFED0,0x4AFEF0,0x4B0290,0x4B03B0,0x4B0490,0x4B04A0,0x4B0590,0x4B05A0,0x4B0660,
0x4B06A0,0x4B06B0,0x4B06C0,0x4B06D0,0x4B06E0,0x4B06F0,0x4B0700,0x4B0750,0x4B0780,0x4B0910,0x4B0A30,0x4B0A60,
0x4B0AA0,0x4B0B40,0x4B0BF0,0x4B0C10,0x4B0E00,0x4B0E80,0x4B1A50,0x4B1A60,0x4B1A70,0x4B1A90,0x4B1AA0,0x4B1AB0,
0x4B1AC0,0x4B1AD0,0x4B1AE0,0x4B1B00,0x4B1B20,0x4B1B30,0x4B1B40,0x4B1B60,0x4B1B80,0x4B1BC0,0x4B1BF0,0x4B1C20,
0x4B1C50,0x4B1C80,0x4B1CB0,0x4B1CE0,0x4B1D10,0x4B1E20,0x4B1EB0,0x4B1F00,0x4B1F50,0x4B1F80,0x4B1FB0,0x4B1FE0,
0x4B2010,0x4B20C0,0x4B20D0,0x4B2190,0x4B21B0,0x4B21C0,0x4B21D0,0x4B2220,0x4B2250,0x4B2260,0x4B2270,0x4B22E0,
0x4B22F0,0x4B2310,0x4B2430,0x4B2520,0x4B2530,0x4B2590,0x4B25B0,0x4B2660,0x4B2670,0x4B2690,0x4B2720,0x4B3000,
0x4B3070,0x4B3100,0x4B3260,0x4B34F0,0x4B3520,0x4B3540,0x4B3630,0x4B36F0,0x4B3700,0x4B3710,0x4B3730,0x4B3750,
0x4B3760,0x4B3800,0x4B38B0,0x4B39A0,0x4B39B0,0x4B3A00,0x4B3A30,0x4B3A80,0x4B3A90,0x4B3AA0,0x4B3B10,0x4B3B50,
0x4B3B90,0x4B3BD0,0x4B3BF0,0x4B3CB0,0x4B3CF0,0x4B3D90,0x4B3DA0,0x4B3E20,0x4B40C0,0x4B40E0,0x4B4130,0x4B4190,
0x4B41B0,0x4B41E0,0x4B4210,0x4B4220,0x4B4230,0x4B4240,0x4B4270,0x4B42C0,0x4B4320,0x4B44C0,0x4B45F0,0x4B4610,
0x4B4630,0x4B4640,0x4B4650,0x4B4690,0x4B46B0,0x4B4700,0x4B48C0,0x4B48D0,0x4B4A60,0x4B4AA0,0x4B4AE0,0x4B4BA0,
0x4B4CC0,0x4B5210,0x4B55D0,0x4B5630,0x4B5680,0x4B5700,0x4B5710,0x4B5790,0x4B57A0,0x4B57E0,0x4B5880,0x4B58C0,
0x4B58E0,0x4B59C0,0x4B5AF0,0x4B5BA0,0x4B6140,0x4B61C0,0x4B6220,0x4B6390,0x4B63A0,0x4B63E0,0x4B63F0,0x4B6400,
0x4B6430,0x4B6450,0x4B6470,0x4B6490,0x4B64A0,0x4B6500,0x4B6520,0x4B6530,0x4B6550,0x4B6590,0x4B65B0,0x4B65C0,
0x4B65E0,0x4B6620,0x4B6640,0x4B66E0,0x4B6720,0x4B6740,0x4B6770,0x4B67B0,0x4B67E0,0x4B67F0,0x4B6860,0x4B6880,
0x4B68D0,0x4B68E0,0x4B6945,0x4B6990,0x4B6A30,0x4B6A80,0x4B6AC0,0x4B6AE0,0x4B6B00,0x4B6B20,0x4B6CA0,0x4B6CC0,
0x4B6D00,0x4B6D50,0x4B6D70,0x4B6E10,0x4B6E20,0x4B6E70,0x4B6ED0,0x4B6EE0,0x4B6F60,0x4B6FD0,0x4B6FF0,0x4B7010,
0x4B7084,0x4B70A0,0x4B7110,0x4B7460,0x4B7480,0x4B74C0,0x4B74E0,0x4B7520,0x4B75F0,0x4B7630,0x4B7660,0x4B76A0,
0x4B7700,0x4B7730,0x4B7750,0x4B7780,0x4B77E0,0x4B7820,0x4B7850,0x4B78B0,0x4B7A85,0x4B7B37,0x4B7BD0,0x4B7CD0,
0x4B7D20,0x4B7D60,0x4B7D90,0x4B7E90,0x4B7F20,0x4B8160,0x4B8180,0x4B8280,0x4B8290,0x4B8600,0x4B8630,0x4B8640,
0x4B86A0,0x4B8710,0x4B8860,0x4B88B0,0x4B88C0,0x4B88D0,0x4B88F0,0x4B8B60,0x4B8B70,0x4B8BE0,0x4B8C00,0x4B8C20,
0x4B8C30,0x4B8C50,0x4B8C60,0x4B8C70,0x4B8C90,0x4B8CB0,0x4B8CC0,0x4B8CD0,0x4B8D10,0x4B8D30,0x4B8D50,0x4B8D80,
0x4B8DC0,0x4B8E00,0x4B8E40,0x4B8E70,0x4B8EB0,0x4B8EF0,0x4B8F30,0x4B8F60,0x4B8FA0,0x4B8FF0,0x4B9040,0x4B9070,
0x4B90A0,0x4B9110,0x4B9AA0,0x4B9B40,0x4B9C10,0x4B9C60,0x4B9C70,0x4B9CA0,0x4B9CD0,0x4B9CF0,0x4B9D40,0x4B9D50,
0x4B9D60,0x4B9D70,0x4B9D90,0x4B9DB0,0x4B9DD0,0x4B9DE0,0x4B9E00,0x4B9E30,0x4B9E70,0x4B9E90,0x4B9EC0,0x4B9F00,
0x4B9F50,0x4B9F90,0x4B9FC0,0x4BA010,0x4BA060,0x4BA0B0,0x4BA0F0,0x4BA120,0x4BA140,0x4BA160,0x4BA190,0x4BA1C0,
0x4BA1F0,0x4BA220,0x4BA260,0x4BA2B0,0x4BA32A,0x4BA360,0x4BA390,0x4BA3C0,0x4BA43B,0x4BA480,0x4BA4D0,0x4BA550,
0x4BA5C0,0x4BA620,0x4BA650,0x4BA680,0x4BA6B0,0x4BA6D0,0x4BA6F0,0x4BA710,0x4BA740,0x4BA7F0,0x4BA850,0x4BA9C0,
0x4BA9F0,0x4BAA30,0x4BAA70,0x4BAAB0,0x4BAAE0,0x4BAB10,0x4BAB30,0x4BAB70,0x4BAD50,0x4BAD70,0x4BADB0,0x4BADF0,
0x4BAE40,0x4BAE80,0x4BAEC0,0x4BAEF0,0x4BAF20,0x4BAF50,0x4BAF80,0x4BAFB0,0x4BB120,0x4BB150,0x4BB190,0x4BB1D0,
0x4BB200,0x4BB3E0,0x4BB450,0x4BB4A0,0x4BB65F,0x4BB760,0x4BB925,0x4BBA20,0x4BBA50,0x4BBAD0,0x4BBAE0,0x4BBB00,
0x4BBBA0,0x4BBC40,0x4BBE10,0x4BBEB9,0x4BBF40,0x4BC010,0x4BC0B0,0x4BC280,0x4BC340,0x4BC360,0x4BC380,0x4BC3B0,
0x4BC3E0,0x4BC4C0,0x4BC630,0x4BC790,0x4BC7E0,0x4BC850,0x4BC8B0,0x4BC900,0x4BC960,0x4BC9C0,0x4BCA20,0x4BCA50,
0x4BCA70,0x4BCAE0,0x4BCC60,0x4BD0F0,0x4BD1D0,0x4BD1E0,0x4BD2C0,0x4BD330,0x4BD350,0x4BD370,0x4BD390,0x4BD3E0,
0x4BD430,0x4BD500,0x4BD930,0x4BD9A0,0x4BD9C0,0x4BD9D0,0x4BD9E0,0x4BDA00,0x4BDA10,0x4BDA30,0x4BDA40,0x4BDA60,
0x4BDAA0,0x4BDAC0,0x4BDAE0,0x4BDB50,0x4BDBB0,0x4BDC10,0x4BDCD0,0x4BDD50,0x4BDDC0,0x4BDE40,0x4BDE90,0x4BDEB0,
0x4BDF21,0x4BDF40,0x4BDF70,0x4BDF80,0x4BDFA0,0x4BDFF0,0x4BE000,0x4BE030,0x4BE040,0x4BE099,0x4BE0D0,0x4BE178,
0x4BE190,0x4BE1C0,0x4BE240,0x4BE29B,0x4BE2D0,0x4BE2F0,0x4BE320,0x4BE340,0x4BE370,0x4BE3A0,0x4BE3C0,0x4BE440,
0x4BE4A0,0x4BE4E0,0x4BE588,0x4BE5A0,0x4BE5E0,0x4BE600,0x4BE650,0x4BE6B0,0x4BE82C,0x4BE8B7,0x4BE940,0x4BE990,
0x4BEA10,0x4BEB70,0x4BEBC0,0x4BEC70,0x4BECD0,0x4BED30,0x4BED40,0x4BED70,0x4BEDA0,0x4BEDF0,0x4BEE20,0x4BF7F0,
0x4BF840,0x4BF850,0x4BF8CB,0x4BF8F0,0x4BF900,0x4BF940,0x4BF9D0,0x4BFA10,0x4BFA75,0x4BFAC0,0x4BFB00,0x4BFBB0,
0x4BFBD0,0x4BFBF0,0x4BFC30,0x4BFCB0,0x4BFF70,0x4C00C0,0x4C00E0,0x4C01B0,0x4C0220,0x4C0240,0x4C05E0,0x4C0620,
0x4C0680,0x4C06D0,0x4C07A0,0x4C07C0,0x4C0A10,0x4C0A90,0x4C0AB0,0x4C0AE0,0x4C0B20,0x4C0B60,0x4C0BD0,0x4C0BF0,
0x4C0DE0,0x4C0E30,0x4C0E60,0x4C0EA0,0x4C0EE0,0x4C0F80,0x4C0FE0,0x4C10A0,0x4C10B0,0x4C10C0,0x4C10D0,0x4C10E0,
0x4C10F0,0x4C1100,0x4C11D0,0x4C12B0,0x4C12D0,0x4C1320,0x4C1330,0x4C1350,0x4C1360,0x4C1390,0x4C13A0,0x4C13B0,
0x4C13D0,0x4C13E0,0x4C13F0,0x4C1410,0x4C1430,0x4C1460,0x4C1510,0x4C1640,0x4C1660,0x4C16A0,0x4C1710,0x4C1760,
0x4C17B0,0x4C17E0,0x4C1820,0x4C1890,0x4C18F0,0x4C1960,0x4C19A0,0x4C19E0,0x4C1A50,0x4C1AA0,0x4C1AF0,0x4C1B10,
0x4C1B60,0x4C1B90,0x4C1BB0,0x4C1BE0,0x4C1C00,0x4C1C10,0x4C1C20,0x4C1C30,0x4C1C40,0x4C1C60,0x4C1C90,0x4C1D00,
0x4C1EB0,0x4C1F30,0x4C1FA0,0x4C1FB0,0x4C2410,0x4C2550,0x4C2800,0x4C2930,0x4C2960,0x4C2980,0x4C29A0,0x4C29E0,
0x4C29F0,0x4C2A10,0x4C2A30,0x4C2A50,0x4C2A70,0x4C2A90,0x4C2AB0,0x4C2AE0,0x4C2B00,0x4C2B20,0x4C2B50,0x4C2B90,
0x4C2BD0,0x4C2BF0,0x4C2C00,0x4C2CA0,0x4C2CC0,0x4C2CF0,0x4C2D30,0x4C2DB0,0x4C2DC0,0x4C2E10,0x4C2E60,0x4C2EC0,
0x4C2ED0,0x4C2EE0,0x4C2EF0,0x4C2F00,0x4C2F20,0x4C2F30,0x4C2F40,0x4C2F60,0x4C2F80,0x4C2FD0,0x4C3070,0x4C3080,
0x4C31CC,0x4C31F0,0x4C3230,0x4C3240,0x4C3270,0x4C32B0,0x4C3315,0x4C3360,0x4C3420,0x4C35F0,0x4C3670,0x4C3680,
0x4C3770,0x4C3790,0x4C3840,0x4C38A0,0x4C38E0,0x4C3900,0x4C3920,0x4C3960,0x4C3980,0x4C3A10,0x4C3A30,0x4C3AC0,
0x4C3AE0,0x4C3B50,0x4C3B70,0x4C3B90,0x4C3C00,0x4C3CB0,0x4C3D30,0x4C3D99,0x4C3DB0,0x4C3E10,0x4C3E50,0x4C3E80,
0x4C3EE0,0x4C3F30,0x4C3F70,0x4C3FB0,0x4C3FF0,0x4C4020,0x4C4060,0x4C40B0,0x4C4150,0x4C4210,0x4C42B0,0x4C4370,
0x4C43EB,0x4C4410,0x4C4430,0x4C4450,0x4C4470,0x4C4510,0x4C45F0,0x4C4630,0x4C4695,0x4C46E0,0x4C47E0,0x4C4A40,
0x4C4B00,0x4C4B60,0x4C4BA0,0x4C4BC0,0x4C4C90,0x4C4D20,0x4C4D60,0x4C4DE0,0x4C4F30,0x4C4F50,0x4C5210,0x4C52D0,
0x4C53A0,0x4C5410,0x4C5440,0x4C5520,0x4C5540,0x4C5560,0x4C5590,0x4C55C0,0x4C5630,0x4C57B0,0x4C5940,0x4C59E0,
0x4C59F0,0x4C5A80,0x4C5AA0,0x4C5AB0,0x4C5AC0,0x4C5B20,0x4C5B40,0x4C5B80,0x4C5BB0,0x4C5C40,0x4C5C50,0x4C5CA0,
0x4C5D10,0x4C5DC0,0x4C61F0,0x4C6290,0x4C62E0,0x4C6330,0x4C6370,0x4C63B0,0x4C6430,0x4C6440,0x4C6450,0x4C6620,
0x4C6640,0x4C6920,0x4C6940,0x4C69E0,0x4C6A00,0x4C6A10,0x4C6A30,0x4C6A50,0x4C6A90,0x4C6AF0,0x4C6B00,0x4C6BA0,
0x4C6C10,0x4C6C30,0x4C6C50,0x4C6C80,0x4C6D10,0x4C6D30,0x4C6D80,0x4C6D90,0x4C6DA0,0x4C6DC0,0x4C6DD0,0x4C6E00,
0x4C6E70,0x4C6F50,0x4C6F60,0x4C73E0,0x4C7490,0x4C74E0,0x4C75B0,0x4C76A0,0x4C7A60,0x4C7B20,0x4C84D0,0x4C8610,
0x4C8630,0x4C8640,0x4C8650,0x4C8860,0x4C88A0,0x4C8950,0x4C8A70,0x4C8B50,0x4C8B70,0x4CA5D0,0x4CA710,0x4CA740,
0x4CA780,0x4CA790,0x4CA800,0x4CA820,0x4CAA00,0x4CAC10,0x4CAC30,0x4CAC80,0x4CACA0,0x4CACC0,0x4CAD00,0x4CAD60,
0x4CAD80,0x4CADB0,0x4CADD0,0x4CAE20,0x4CAE40,0x4CAE70,0x4CAE80,0x4CAEB0,0x4CAEC0,0x4CAF00,0x4CAF40,0x4CAF80,
0x4CAFB0,0x4CAFE0,0x4CB070,0x4CB0F0,0x4CB120,0x4CB140,0x4CB160,0x4CB1A0,0x4CB1C0,0x4CB1F0,0x4CB230,0x4CB260,
0x4CB404,0x4CB48F,0x4CB520,0x4CB570,0x4CB5F0,0x4CB640,0x4CB660,0x4CB6D0,0x4CB990,0x4CBB30,0x4CBBD0,0x4CBD50,
0x4CBDA0,0x4CBE00,0x4CBE20,0x4CC150,0x4CC170,0x4CC190,0x4CC1B0,0x4CC1C0,0x4CC1F0,0x4CC2D0,0x4CC350,0x4CC400,
0x4CC430,0x4CC460,0x4CC6D0,0x4CC700,0x4CC720,0x4CC740,0x4CC750,0x4CC780,0x4CC790,0x4CC7B0,0x4CC7D0,0x4CC7F0,
0x4CC800,0x4CC810,0x4CC870,0x4CC8D0,0x4CC8F0,0x4CC900,0x4CC920,0x4CC940,0x4CC950,0x4CC970,0x4CC990,0x4CC9B0,
0x4CC9D0,0x4CCA70,0x4CCAC0,0x4CCAF0,0x4CCB40,0x4CCB70,0x4CCBA0,0x4CCBE0,0x4CCC20,0x4CCC40,0x4CCC80,0x4CCD15,
0x4CCD30,0x4CCD90,0x4CCE70,0x4CCEE0,0x4CCF50,0x4CCF70,0x4CCFA0,0x4CCFC0,0x4CCFE0,0x4CD000,0x4CD030,0x4CD0D0,
0x4CD110,0x4CD190,0x4CD280,0x4CD2A0,0x4CD389,0x4CD3D0,0x4CD670,0x4CD690,0x4CD6D0,0x4CD720,0x4CD750,0x4CD7C0,
0x4CD7E0,0x4CD850,0x4CD8A0,0x4CD8C0,0x4CD8F0,0x4CD900,0x4CD980,0x4CD9F7,0x4CDA40,0x4CDA60,0x4CDAD1,0x4CDB10,
0x4CDB30,0x4CDB60,0x4CDB80,0x4CDBC0,0x4CDC7D,0x4CDC90,0x4CDCE0,0x4CDD30,0x4CDD60,0x4CDDB0,0x4CDF40,0x4CDF80,
0x4CDFB0,0x4CDFF0,0x4CE020,0x4CE070,0x4CE0FC,0x4CE160,0x4CE190,0x4CE1E0,0x4CE210,0x4CE26B,0x4CE2B0,0x4CE2D0,
0x4CE300,0x4CE320,0x4CE360,0x4CE3D0,0x4CE410,0x4CE589,0x4CE612,0x4CE6B0,0x4CE770,0x4CE800,0x4CE820,0x4CE850,
0x4CE8E0,0x4CE900,0x4CEA30,0x4CEB10,0x4CEB20,0x4CEB70,0x4CEB80,0x4CEB90,0x4CEBB0,0x4CEC70,0x4CEC90,0x4CECA0,
0x4CECB0,0x4CEDB0,0x4CEDD0,0x4CF920,0x4CF950,0x4CF960,0x4CFA90,0x4CFB40,0x4CFC30,0x4CFCF0,0x4CFD70,0x4CFDB0,
0x4CFDC0,0x4CFDE0,0x4CFE10,0x4D0410,0x4D0950,0x4D0C30,0x4D0EA0,0x4D0EB0,0x4D0EC0,0x4D0ED0,0x4D0EE0,0x4D0EF0,
0x4D0F00,0x4D0F10,0x4D0F20,0x4D0F30,0x4D0F70,0x4D0F80,0x4D0FA0,0x4D0FF0,0x4D1000,0x4D1050,0x4D1080,0x4D10A0,
0x4D1100,0x4D1130,0x4D1180,0x4D1310,0x4D1340,0x4D1360,0x4D1390,0x4D1450,0x4D1560,0x4D1740,0x4D1D60,0x4D1DC0,
0x4D23E0,0x4D2440,0x4D25D0,0x4D25E0,0x4D2620,0x4D26F3,0x4D2710,0x4D2760,0x4D2780,0x4D2900,0x4D2B20,0x4D2C40,
0x4D2CB0,0x4D3350,0x4D3A00,0x4D3AB0,0x4D3C20,0x4D3E70,0x4D3E80,0x4D3E90,0x4D3EA0,0x4D3ED0,0x4D3EF0,0x4D3F00,
0x4D3F30,0x4D4010,0x4D4040,0x4D40C0,0x4D40E0,0x4D4100,0x4D4120,0x4D4130,0x4D4150,0x4D41A0,0x4D4200,0x4D4260,
0x4D4270,0x4D42A0,0x4D42C0,0x4D42E0,0x4D42F0,0x4D4300,0x4D4320,0x4D4330,0x4D4350,0x4D4360,0x4D4370,0x4D4400,
0x4D45A0,0x4D45C0,0x4D4610,0x4D4630,0x4D4650,0x4D4670,0x4D46A0,0x4D46D0,0x4D46F0,0x4D4750,0x4D4780,0x4D47B0,
0x4D47E0,0x4D47F0,0x4D4860,0x4D48B0,0x4D48D0,0x4D4A50,0x4D4A70,0x4D4AC0,0x4D4AF0,0x4D4B20,0x4D4B50,0x4D4B80,
0x4D4BA0,0x4D4D10,0x4D4D40,0x4D4D70,0x4D4DA0,0x4D4DC0,0x4D4E10,0x4D4E40,0x4D5010,0x4D54D0,0x4D5500,0x4D5530,
0x4D5560,0x4D5590,0x4D56E0,0x4D5700,0x4D5770,0x4D57D0,0x4D5800,0x4D58B8,0x4D58D0,0x4D5910,0x4D5940,0x4D5970,
0x4D5990,0x4D59E0,0x4D5A20,0x4D5A50,0x4D5A90,0x4D5B37,0x4D5B50,0x4D5BA0,0x4D5BD0,0x4D5C00,0x4D5C50,0x4D5C90,
0x4D5E05,0x4D5EE0,0x4D5F20,0x4D5FFA,0x4D6010,0x4D6040,0x4D60FA,0x4D6110,0x4D6180,0x4D62E5,0x4D63C0,0x4D6500,
0x4D6550,0x4D66A0,0x4D66C0,0x4D6710,0x4D6740,0x4D67A0,0x4D67F0,0x4D6860,0x4D68A0,0x4D68E0,0x4D6920,0x4D6950,
0x4D6990,0x4D69A0,0x4D69F9,0x4D6A40,0x4D6A60,0x4D6AD0,0x4D6B60,0x4D6B80,0x4D6BE0,0x4D6C20,0x4D6C50,0x4D6C80,
0x4D6CB0,0x4D6CE0,0x4D6D10,0x4D6DE0,0x4D6E10,0x4D6E6B,0x4D6EB0,0x4D6F3C,0x4D6F90,0x4D701C,0x4D7070,0x4D70C9,
0x4D7110,0x4D7410,0x4D7530,0x4D7AC0,0x4D8290,0x4D8CA0,0x4D8CC0,0x4D8CF0,0x4D8D20,0x4D8D50,0x4D8DAB,0x4D8DF0,
0x4D8E20,0x4D8E50,0x4D91A0,0x4D9350,0x4D96A0,0x4D9A40,0x4D9F10,0x4D9F50,0x4D9F80,0x4D9FB0,0x4D9FE0,0x4DA010,
0x4DA080,0x4DA1F9,0x4DA282,0x4DA300,0x4DA3AA,0x4DA3C0,0x4DA400,0x4DA420,0x4DA470,0x4DA520,0x4DA590,0x4DA709,
0x4DA792,0x4DA810,0x4DA8BA,0x4DA8D0,0x4DA920,0x4DAA80,0x4DAAA0,0x4DAAF0,0x4DAB20,0x4DAB50,0x4DAC00,0x4DAC40,
0x4DAC70,0x4DACC0,0x4DAE20,0x4DAE80,0x4DB350,0x4DB380,0x4DB3B0,0x4DB3F0,0x4DB47C,0x4DB500,0x4DB540,0x4DB570,
0x4DB5A0,0x4DB610,0x4DB640,0x4DB69B,0x4DB6E0,0x4DB730,0x4DB7BC,0x4DB840,0x4DB870,0x4DB8A0,0x4DB8D0,0x4DB92B,
0x4DB970,0x4DB990,0x4DBA00,0x4DBA40,0x4DBA60,0x4DBA90,0x4DBAC0,0x4DBC39,0x4DBCC2,0x4DBD60,0x4DBDA0,0x4DBE60,
0x4DBED0,0x4DC049,0x4DC0D2,0x4DC170,0x4DC1B0,0x4DC1E0,0x4DC2A0,0x4DC4B0,0x4DC5F0,0x4DC620,0x4DC910,0x4DC940,
0x4DCD20,0x4DCEC0,0x4DCF00,0x4DCF50,0x4DCFB0,0x4DD0C0,0x4DD140,0x4DD190,0x4DD1A0,0x4DD2A0,0x4DD4C0,0x4DD5E0,
0x4DD770,0x4DD860,0x4DDAD0,0x4DDAF0,0x4DDC60,0x4DDF10,0x4DEAB0,0x4DEAD0,0x4DEAE0,0x4DEB10,0x4DEB80,0x4DEC00,
0x4DECA0,0x4DECB0,0x4DECE0,0x4DECF0,0x4DED00,0x4DED10,0x4DED20,0x4DED30,0x4DEDC0,0x4DEE10,0x4DEE20,0x4DEE40,
0x4DEE50,0x4DEEB0,0x4DEED0,0x4DEF00,0x4DEF10,0x4DEF90,0x4DF020,0x4DF520,0x4DF5D0,0x4DF630,0x4DF6B0,0x4DF6D0,
0x4DF730,0x4DF7D0,0x4DF860,0x4DF920,0x4DF9C0,0x4DF9D0,0x4DFB00,0x4DFC30,0x4DFD20,0x4DFD50,0x4DFD60,0x4DFD70,
0x4DFDA0,0x4DFF80,0x4E0000,0x4E0490,0x4E0750,0x4E09E0,0x4E0A80,0x4E0AE0,0x4E0B80,0x4E0BA0,0x4E0BC0,0x4E0BE0,
0x4E0C10,0x4E0C20,0x4E0C40,0x4E0C60,0x4E0C70,0x4E0C80,0x4E0C90,0x4E0CA0,0x4E0CB0,0x4E0CC0,0x4E0D30,0x4E0DA0,
0x4E0DB0,0x4E0DC0,0x4E0DD0,0x4E0DF0,0x4E0E50,0x4E0E90,0x4E0ED0,0x4E0EF0,0x4E0F90,0x4E0FB0,0x4E1060,0x4E1110,
0x4E11C0,0x4E11E0,0x4E1220,0x4E12C0,0x4E12F0,0x4E1300,0x4E1330,0x4E1350,0x4E1A00,0x4E1A40,0x4E1A80,0x4E1AA0,
0x4E1AD0,0x4E1B20,0x4E1B40,0x4E1B80,0x4E1BC0,0x4E1BF0,0x4E1C20,0x4E1C60,0x4E1CB0,0x4E1CE0,0x4E1D00,0x4E1D30,
0x4E1DA0,0x4E1E80,0x4E1F30,0x4E1F40,0x4E1F60,0x4E2940,0x4E2F50,0x4E31B0,0x4E34F0,0x4E3800,0x4E41B0,0x4E41C0,
0x4E4200,0x4E4220,0x4E4290,0x4E42A0,0x4E42F0,0x4E4340,0x4E4360,0x4E4380,0x4E4390,0x4E43F0,0x4E4480,0x4E4540,
0x4E46D0,0x4E4780,0x4E47A0,0x4E47C0,0x4E4860,0x4E48B0,0x4E48F0,0x4E4AD0,0x4E4B4B,0x4E4B70,0x4E4B80,0x4E4DF0,
0x4E4E10,0x4E4E50,0x4E4EE0,0x4E4F20,0x4E4F85,0x4E4FD0,0x4E5010,0x4E50C0,0x4E50E0,0x4E5100,0x4E5150,0x4E51D0,
0x4E5210,0x4E52D0,0x4E52E0,0x4E5300,0x4E55C0,0x4E55E0,0x4E56A0,0x4E5820,0x4E5E30,0x4E5E80,0x4E5EE0,0x4E5F90,
0x4E5FE0,0x4E5FF0,0x4E6000,0x4E6020,0x4E6030,0x4E6040,0x4E60A0,0x4E6100,0x4E6160,0x4E61C0,0x4E61D0,0x4E61E0,
0x4E6230,0x4E6260,0x4E6280,0x4E6290,0x4E62B0,0x4E62C0,0x4E62E0,0x4E63A0,0x4E63D0,0x4E6620,0x4E6640,0x4E66E0,
0x4E6780,0x4E67A0,0x4E6840,0x4E6860,0x4E6900,0x4E6950,0x4E6960,0x4E69E0,0x4E6A30,0x4E6A40,0x4E6A50,0x4E6A90,
0x4E6AB0,0x4E6B60,0x4E6BDE,0x4E6C00,0x4E6C20,0x4E6C40,0x4E6C80,0x4E6CA0,0x4E6D05,0x4E6D50,0x4E6D90,0x4E6DB0,
0x4E6FF0,0x4E7060,0x4E7070,0x4E70D9,0x4E70F0,0x4E7160,0x4E71C0,0x4E71F0,0x4E7240,0x4E7250,0x4E72A0,0x4E72B0,
0x4E72F0,0x4E73A0,0x4E741B,0x4E7440,0x4E7480,0x4E74A0,0x4E7505,0x4E7550,0x4E7590,0x4E75B0,0x4E75E0,0x4E7670,
0x4E7930,0x4E79D0,0x4E7A20,0x4E7A89,0x4E7AA0,0x4E7AD0,0x4E7AE0,0x4E7B90,0x4E7BD0,0x4E7CA0,0x4E7CD0,0x4E7D30,
0x4E7DE0,0x4E7E40,0x4E7E50,0x4E7EA0,0x4E7EB0,0x4E7EF0,0x4E7F40,0x4E7FD0,0x4E8080,0x4E80FE,0x4E8120,0x4E8140,
0x4E8180,0x4E81E5,0x4E8230,0x4E8270,0x4E82F0,0x4E8330,0x4E8350,0x4E83E0,0x4E8400,0x4E8450,0x4E8512,0x4E8560,
0x4E85D0,0x4E8620,0x4E8630,0x4E86A0,0x4E86C0,0x4E8980,0x4E89A0,0x4E89D0,0x4E8A90,0x4E8B30,0x4E8B40,0x4E8BA0,
0x4E8DD0,0x4E8E30,0x4E8E90,0x4E8EA0,0x4E8EE0,0x4E8F30,0x4E8FB0,0x4E9040,0x4E9060,0x4E9110,0x4E9160,0x4E9190,
0x4E920E,0x4E9230,0x4E9270,0x4E92F0,0x4E9330,0x4E9395,0x4E93E0,0x4E9460,0x4E9480,0x4E94C0,0x4E94E0,0x4E9540,
0x4E9560,0x4E95B0,0x4E9870,0x4E9930,0x4E9B70,0x4E9C10,0x4E9CB0,0x4E9CE0,0x4E9DC0,0x4E9EA0,0x4E9EC0,0x4E9EE0,
0x4E9F10,0x4E9F50,0x4E9F90,0x4EA3C0,0x4EA3E0,0x4EA400,0x4EA420,0x4EA4F0,0x4EA510,0x4EA520,0x4EA530,0x4EA540,
0x4EA5A0,0x4EA5B0,0x4EA5C0,0x4EA5D0,0x4EA650,0x4EA690,0x4EA700,0x4EA770,0x4EA7F0,0x4EA850,0x4EA940,0x4EA970,
0x4EA9D0,0x4EA9F0,0x4EAA80,0x4EAAA0,0x4EAF90,0x4EAFB0,0x4EB010,0x4EB110,0x4EB130,0x4EB2A0,0x4EB2C0,0x4EB440,
0x4EB4F0,0x4EB500,0x4EB510,0x4EB560,0x4EB650,0x4EB690,0x4EB720,0x4EB740,0x4EB7B0,0x4EB7D0,0x4EB7F0,0x4EB830,
0x4EB9C0,0x4EBA60,0x4EBA80,0x4EBAE5,0x4EBB30,0x4EBBE0,0x4EBC00,0x4EBC20,0x4EBC50,0x4EBCB0,0x4EBCD0,0x4EBD00,
0x4EBD80,0x4EBDF0,0x4EBE30,0x4EBE50,0x4EBE70,0x4EBE90,0x4EBF40,0x4EBFB0,0x4EC000,0x4EC090,0x4EC0B0,0x4EC6F0,
0x4EC910,0x4ECF20,0x4ECF90,0x4ECFB0,0x4ED000,0x4ED010,0x4ED020,0x4ED030,0x4ED050,0x4ED080,0x4ED0C0,0x4ED0E0,
0x4ED100,0x4ED150,0x4ED160,0x4ED170,0x4ED190,0x4ED1A0,0x4ED1B0,0x4ED1C0,0x4ED1D0,0x4ED230,0x4ED290,0x4ED2F0,
0x4ED350,0x4ED3B0,0x4ED3F0,0x4ED420,0x4ED430,0x4ED4F0,0x4ED560,0x4ED580,0x4ED5A0,0x4ED5C0,0x4ED5E0,0x4ED600,
0x4ED630,0x4ED6C0,0x4ED6D0,0x4ED6E0,0x4ED730,0x4ED7D0,0x4ED960,0x4ED980,0x4EDA20,0x4EDA40,0x4EDA60,0x4EDB00,
0x4EDB20,0x4EDBC0,0x4EDC60,0x4EDC80,0x4EDCA0,0x4EDCFA,0x4EDD30,0x4EDD60,0x4EDDE0,0x4EDE40,0x4EDEF0,0x4EDF50,
0x4EE010,0x4EE040,0x4EE070,0x4EE090,0x4EE0D0,0x4EE0F0,0x4EE110,0x4EE130,0x4EE150,0x4EE170,0x4EE190,0x4EE1C0,
0x4EE240,0x4EE310,0x4EE440,0x4EE5B0,0x4EE620,0x4EE630,0x4EE840,0x4EE860,0x4EE900,0x4EE994,0x4EE9B0,0x4EEB30,
0x4EEB60,0x4EEBA0,0x4EEBD0,0x4EEC20,0x4EEC80,0x4EECA0,0x4EEE10,0x4EEE60,0x4EEE70,0x4EEEC0,0x4EEED0,0x4EEEE0,
0x4EF2C0,0x4EF300,0x4EF350,0x4EF3A0,0x4EF410,0x4EF480,0x4EF490,0x4EF4E0,0x4EF520,0x4EF540,0x4EF560,0x4EF580,
0x4EF750,0x4EF7E0,0x4EF7F0,0x4EF850,0x4EF880,0x4EF890,0x4EF8C0,0x4EF910,0x4EF940,0x4EF9A0,0x4EF9F0,0x4EFA00,
0x4EFA10,0x4EFA7B,0x4EFAB0,0x4EFB00,0x4EFB7B,0x4EFBA0,0x4EFBB0,0x4EFBE0,0x4EFC40,0x4EFCAF,0x4EFCF0,0x4EFD10,
0x4EFD50,0x4EFD90,0x4EFE70,0x4EFEA0,0x4EFED0,0x4EFF00,0x4EFF65,0x4EFFB0,0x4EFFD0,0x4F0010,0x4F00CB,0x4F00E0,
0x4F0140,0x4F0180,0x4F0280,0x4F02A0,0x4F02C0,0x4F0300,0x4F0350,0x4F03D0,0x4F05A0,0x4F064D,0x4F06E0,0x4F0730,
0x4F07F2,0x4F0840,0x4F08B0,0x4F0910,0x4F0AA0,0x4F0AF0,0x4F0B60,0x4F0BC0,0x4F0C20,0x4F0C60,0x4F0F20,0x4F0FA0,
0x4F1010,0x4F1060,0x4F10C0,0x4F10D0,0x4F1140,0x4F1190,0x4F11E0,0x4F1240,0x4F12D0,0x4F12E0,0x4F1300,0x4F13C0,
0x4F1440,0x4F1460,0x4F1480,0x4F14D0,0x4F1520,0x4F1550,0x4F1570,0x4F15D0,0x4F15E0,0x4F15F0,0x4F1600,0x4F167B,
0x4F16A0,0x4F1700,0x4F1750,0x4F1760,0x4F17B0,0x4F1800,0x4F1830,0x4F1860,0x4F1890,0x4F18D0,0x4F194B,0x4F1970,
0x4F1980,0x4F19A0,0x4F19F0,0x4F1A00,0x4F1A10,0x4F1A20,0x4F1A60,0x4F1A70,0x4F1A80,0x4F1AC0,0x4F1B50,0x4F1BE0,
0x4F1C30,0x4F1CA1,0x4F1CC0,0x4F1D00,0x4F1D7B,0x4F1DA0,0x4F1E05,0x4F1E50,0x4F1E90,0x4F1ED0,0x4F1F60,0x4F1FA0,
0x4F1FC0,0x4F1FE0,0x4F2000,0x4F20B0,0x4F20F0,0x4F2130,0x4F21E0,0x4F2220,0x4F2290,0x4F22B0,0x4F2315,0x4F2360,
0x4F23C5,0x4F2410,0x4F2475,0x4F24C0,0x4F25C0,0x4F2640,0x4F2660,0x4F26A0,0x4F26E0,0x4F2700,0x4F2720,0x4F2740,
0x4F2780,0x4F27A0,0x4F2820,0x4F2AE0,0x4F2B60,0x4F2BB0,0x4F2C19,0x4F2C30,0x4F2C80,0x4F2CA0,0x4F2CC0,0x4F2D00,
0x4F2D20,0x4F2E20,0x4F2E40,0x4F2EC0,0x4F3160,0x4F3180,0x4F3440,0x4F3490,0x4F34D0,0x4F3510,0x4F3570,0x4F3ED0,
0x4F3FA0,0x4F40B0,0x4F40E0,0x4F4100,0x4F4220,0x4F4280,0x4F42D0,0x4F4300,0x4F4371,0x4F4390,0x4F43F0,0x4F4400,
0x4F4660,0x4F46C0,0x4F4720,0x4F4760,0x4F47F0,0x4F4855,0x4F48A0,0x4F4CA0,0x4F4D70,0x4F4DA0,0x4F4DC0,0x4F4E00,
0x4F4E20,0x4F4F90,0x4F50A0,0x4F5100,0x4F5180,0x4F51D0,0x4F5210,0x4F5390,0x4F53B0,0x4F5650,0x4F5750,0x4F5760,
0x4F57A0,0x4F58D0,0x4F5A30,0x4F5AE0,0x4F5BD0,0x4F5BF0,0x4F5DB0,0x4F5E40,0x4F5EF0,0x4F5F00,0x4F60F0,0x4F6180,
0x4F61C0,0x4F61F0,0x4F6220,0x4F6250,0x4F62B0,0x4F62C0,0x4F6340,0x4F6360,0x4F63B0,0x4F6410,0x4F6470,0x4F64B0,
0x4F6550,0x4F6630,0x4F6660,0x4F66D0,0x4F6740,0x4F6950,0x4F6B30,0x4F7290,0x4F7390,0x4F73E0,0x4F73F0,0x4F7400,
0x4F7430,0x4F7550,0x4F75B0,0x4F7620,0x4F7640,0x4F7780,0x4F79E0,0x4F7A10,0x4F7A40,0x4F7AC0,0x4F7AD0,0x4F7B30,
0x4F7B60,0x4F7C60,0x4F7D80,0x4F7DA0,0x4F8050,0x4F8060,0x4F8100,0x4F8290,0x4F8320,0x4F8330,0x4F8340,0x4F8360,
0x4F8470,0x4F8670,0x4F8A20,0x4F8AE0,0x4F8C20,0x4F8CB0,0x4F8D90,0x4F8EA0,0x4F8EB0,0x4F8FA0,0x4F8FD0,0x4F9020,
0x4F9080,0x4F91D0,0x4F92D0,0x4F9620,0x4F9680,0x4F96A0,0x4F9710,0x4F9720,0x4F9750,0x4F9760,0x4F9770,0x4F9780,
0x4F97A0,0x4F9800,0x4F9850,0x4F9920,0x4F9A10,0x4F9B00,0x4F9BD0,0x4F9CC0,0x4F9DD0,0x4F9E50,0x4F9EA0,0x4F9EC0,
0x4F9ED0,0x4F9F80,0x4F9FB0,0x4FA040,0x4FA050,0x4FA060,0x4FA070,0x4FA080,0x4FA090,0x4FA0B0,0x4FA0C0,0x4FA0E0,
0x4FA100,0x4FA110,0x4FA160,0x4FA1C0,0x4FA1E0,0x4FA240,0x4FA290,0x4FA2D0,0x4FA300,0x4FA310,0x4FA320,0x4FA350,
0x4FA400,0x4FA450,0x4FA480,0x4FA4C0,0x4FA4D0,0x4FA790,0x4FA7D0,0x4FA810,0x4FA830,0x4FA890,0x4FA8C0,0x4FA952,
0x4FA970,0x4FAB70,0x4FABA0,0x4FAE20,0x4FAE50,0x4FAED0,0x4FAF90,0x4FB050,0x4FB1C0,0x4FB230,0x4FB2A1,0x4FB2C0,
0x4FB2F0,0x4FB300,0x4FB320,0x4FB350,0x4FB380,0x4FB390,0x4FB3A0,0x4FB660,0x4FB6E0,0x4FB710,0x4FB7D0,0x4FB800,
0x4FB950,0x4FBA30,0x4FBA40,0x4FBA50,0x4FBA70,0x4FBAD0,0x4FBAE0,0x4FBB30,0x4FBB90,0x4FBC40,0x4FBC60,0x4FBD20,
0x4FBDC0,0x4FBE30,0x4FBF20,0x4FC5A0,0x4FC740,0x4FC780,0x4FC7C0,0x4FCA00,0x4FCAB0,0x4FCAD0,0x4FCB00,0x4FCB40,
0x4FCBB0,0x4FCCB0,0x4FCE50,0x4FCE60,0x4FCE70,0x4FCE90,0x4FCF40,0x4FCF50,0x4FCF60,0x4FCF80,0x4FCF90,0x4FD040,
0x4FD060,0x4FD520,0x4FD900,0x4FD910,0x4FD920,0x4FD9B0,0x4FD9F0,0x4FDAA0,0x4FDAF0,0x4FDBA0,0x4FDBD0,0x4FDC10,
0x4FDC30,0x4FDC70,0x4FDCF0,0x4FDD10,0x4FDE90,0x4FDEF0,0x4FDF50,0x4FDFD0,0x4FDFF0,0x4FE010,0x4FE130,0x4FE140,
0x4FE150,0x4FE170,0x4FE180,0x4FE190,0x4FE1B0,0x4FE1F0,0x4FE220,0x4FE290,0x4FE2A0,0x4FE2F0,0x4FE340,0x4FE3A0,
0x4FE410,0x4FE430,0x4FE450,0x4FE480,0x4FE590,0x4FE5B0,0x4FE5D0,0x4FE5E0,0x4FE5F0,0x4FE610,0x4FE6A0,0x4FE6B0,
0x4FE770,0x4FE7C0,0x4FE800,0x4FE8A0,0x4FE8C0,0x4FE8D0,0x4FE8E0,0x4FEAD0,0x4FEAE0,0x4FEB00,0x4FEB10,0x4FEB30,
0x4FEB40,0x4FEB50,0x4FEB80,0x4FEB90,0x4FEBA0,0x4FEBB0,0x4FEBD0,0x4FEBF0,0x4FEC30,0x4FEC60,0x4FEC90,0x4FECB0,
0x4FECE0,0x4FED00,0x4FED40,0x4FED70,0x4FED90,0x4FEDA0,0x4FEDB0,0x4FEDD0,0x4FEE00,0x4FEE20,0x4FEE60,0x4FEF20,
0x4FEF40,0x4FEF60,0x4FEF90,0x4FF020,0x4FF040,0x4FF070,0x4FF080,0x4FF090,0x4FF0A0,0x4FF0C0,0x4FF0F0,0x4FF110,
0x4FF120,0x4FF140,0x4FF180,0x4FF1C0,0x4FF200,0x4FF220,0x4FF260,0x4FF2B0,0x4FF310,0x4FF350,0x4FF390,0x4FF3D0,
0x4FF3E0,0x4FF3F0,0x4FF400,0x4FF410,0x4FF430,0x4FF490,0x4FF4E0,0x4FF500,0x4FF610,0x4FF720,0x4FF760,0x4FF870,
0x4FF9A0,0x4FFA50,0x4FFA70,0x4FFB00,0x4FFBB0,0x4FFBE0,0x4FFC40,0x4FFC50,0x4FFC60,0x4FFCB0,0x4FFD80,0x4FFE70,
0x500130,0x500BF0,0x500C80,0x500D00,0x500D30,0x500D70,0x500D90,0x500DB0,0x5011C0,0x501230,0x501260,0x501290,
0x5012B0,0x5012D0,0x501310,0x501396,0x5013B0,0x5015B0,0x501670,0x501702,0x501720,0x501890,0x501910,0x5019E0,
0x501A51,0x501A70,0x501AA0,0x501B90,0x501BB0,0x501BE0,0x501C00,0x501C20,0x501C50,0x501EB0,0x502020,0x502060,
0x5020B0,0x5023A0,0x502426,0x502440,0x502480,0x502680,0x5026C0,0x502780,0x502A60,0x502AC0,0x502C30,0x502C60,
0x502CF2,0x502D10,0x502E40,0x502F00,0x502F80,0x502FF1,0x503010,0x503040,0x503070,0x5030A0,0x5030C0,0x5030E0,
0x503110,0x503130,0x503170,0x5031C0,0x503246,0x503260,0x5032A0,0x5034A0,0x5034E0,0x5037C0,0x503820,0x5038E0,
0x503910,0x503A80,0x503B40,0x503B80,0x503BC0,0x503CF0,0x503D20,0x504400,0x504860,0x504B40,0x504D70,0x504EC0,
0x505080,0x5050A0,0x505110,0x505120,0x505150,0x505170,0x505190,0x5051B0,0x5051F0,0x505210,0x505260,0x505310,
0x505330,0x5056C0,0x505B30,0x505E20,0x505E40,0x505E60,0x505E80,0x505E90,0x505EB0,0x505EC0,0x505ED0,0x505EF0,
0x505F10,0x505FB0,0x505FC0,0x506130,0x5061C0,0x506240,0x506440,0x506460,0x5064A0,0x5064C0,0x506500,0x506540,
0x506580,0x5065A0,0x5065E0,0x506620,0x506660,0x5066A0,0x506E30,0x506F20,0x506F40,0x507520,0x507550,0x507580,
0x507590,0x5075A0,0x5075B0,0x5075C0,0x5075D0,0x5075F0,0x507600,0x507610,0x507620,0x507630,0x507640,0x507660,
0x507670,0x507760,0x5077B0,0x5077D0,0x5077F0,0x507830,0x5078F0,0x507910,0x507940,0x507960,0x507990,0x5079B0,
0x5079E0,0x507A30,0x507AD0,0x507B10,0x507B30,0x507B50,0x507B70,0x507B80,0x507B90,0x507BE0,0x507C40,0x507C80,
0x507CC0,0x507D00,0x507D50,0x507DB0,0x507DD0,0x507DF0,0x507E00,0x507E40,0x507E50,0x507E80,0x507FB0,0x508120,
0x5081A0,0x508290,0x508320,0x5083B0,0x5083E0,0x5084D0,0x5084E0,0x5085E0,0x508770,0x5087A0,0x5088D0,0x508A10,
0x508BA0,0x508C30,0x508F70,0x509040,0x509130,0x509230,0x509300,0x5093D0,0x5094A0,0x5095F0,0x5097F0,0x509910,
0x5099E0,0x509AB0,0x509AD0,0x509B00,0x509B20,0x509BB0,0x509BE0,0x509C50,0x509DA0,0x509F00,0x509FC0,0x50A0D0,
0x50A160,0x50A250,0x50A2E0,0x50A320,0x50A360,0x50A5A0,0x50A5C0,0x50A610,0x50A650,0x50A680,0x50A6B0,0x50A6F0,
0x50A740,0x50A8AF,0x50A990,0x50A9E0,0x50AA30,0x50AA40,0x50ADC0,0x50AE00,0x50AE40,0x50AF10,0x50B130,0x50B150,
0x50B170,0x50B9A0,0x50C220,0x50C280,0x50C2B0,0x50C2D0,0x50C3C0,0x50E2D0,0x50E550,0x50E800,0x50EA50,0x50EEF0,
0x510690,0x510D30,0x5111E0,0x511990,0x5119A0,0x511A10,0x511A40,0x511A60,0x511A70,0x511A80,0x511A90,0x511AF0,
0x511B30,0x511BA0,0x511BD0,0x511BF0,0x511C30,0x511C80,0x511C90,0x511CA0,0x511CC0,0x511CD0,0x511CF0,0x511D50,
0x511DA0,0x511DB0,0x511DE0,0x511DF0,0x511E00,0x511E10,0x511E40,0x511E50,0x511E70,0x5120E0,0x512110,0x512130,
0x512160,0x512180,0x5121C0,0x512200,0x512280,0x5122B0,0x5122E0,0x512300,0x512330,0x512380,0x512400,0x512440,
0x512470,0x5124C0,0x5125B0,0x5127F0,0x512840,0x512940,0x512970,0x512A10,0x512AA0,0x512AE0,0x512B60,0x512BA0,
0x512C30,0x512C40,0x512C60,0x512CF0,0x512D30,0x512D50,0x512D70,0x512D80,0x512E00,0x512E90,0x512EC0,0x512FB0,
0x513010,0x513360,0x513540,0x513640,0x5136D0,0x5136F0,0x513750,0x513760,0x5137A0,0x5137B0,0x5137E0,0x513850,
0x513860,0x513890,0x5138FC,0x513940,0x5139B0,0x513A50,0x513AF0,0x513B70,0x513BC0,0x513C30,0x513C70,0x513CA0,
0x513FA0,0x513FC1,0x514080,0x514120,0x5142A0,0x5142D0,0x5142F0,0x514330,0x514380,0x5143C0,0x514520,0x514550,
0x5145D0,0x514620,0x514650,0x5147B0,0x5147C0,0x514992,0x514A3F,0x514AD0,0x514CA0,0x514CB0,0x514CC0,0x514CD0,
0x514D10,0x514D60,0x515080,0x5150F0,0x515110,0x5151A0,0x516880,0x5175F0,0x517690,0x5178B0,0x5178F0,0x517910,
0x517E70,0x517F20,0x517F40,0x517F60,0x517F90,0x517FA0,0x517FB0,0x517FC0,0x517FD0,0x517FF0,0x518000,0x518020,
0x518030,0x518040,0x518050,0x518090,0x5180C0,0x518190,0x5181F0,0x518250,0x518360,0x5183E0,0x518410,0x518420,
0x518430,0x518460,0x5184B0,0x5184C0,0x5184E0,0x518500,0x518520,0x518530,0x518540,0x518560,0x518570,0x518580,
0x5185E0,0x518600,0x518620,0x518680,0x5186D0,0x5186E0,0x5187E0,0x5188C0,0x518B10,0x518BC0,0x518C10,0x518C20,
0x518C70,0x518C80,0x518CC0,0x518CF0,0x518D10,0x518D80,0x518D90,0x518E20,0x518E30,0x5191A0,0x5193E0,0x519560,
0x519680,0x519990,0x519B10,0x519CE0,0x519DE0,0x519DF0,0x519FB0,0x51A100,0x51A120,0x51A130,0x51A170,0x51A1EE,
0x51A210,0x51A230,0x51A240,0x51A260,0x51A390,0x51A960,0x51A990,0x51AB90,0x51ABA0,0x51ABD0,0x51AC00,0x51ACE0,
0x51AFC0,0x51B050,0x51B200,0x51B230,0x51B2F0,0x51B3B0,0x51B3D0,0x51B3F0,0x51B410,0x51B430,0x51B460,0x51B510,
0x51B5D0,0x51B630,0x51B640,0x51B650,0x51B690,0x51B6C0,0x51B920,0x51B940,0x51BB20,0x51CAC0,0x51CEB0,0x51D030,
0x51D190,0x51D1A0,0x51D1B0,0x51D3A0,0x51D3D0,0x51D3E0,0x51D3F0,0x51D420,0x51D450,0x51D460,0x51D5E0,0x51D610,
0x51D620,0x51D640,0x51D650,0x51D670,0x51D680,0x51D690,0x51D6D0,0x51DA00,0x51DA30,0x51DA60,0x51DAA0,0x51DAE0,
0x51DB90,0x51DBC0,0x51DBF0,0x51DC20,0x51DC40,0x51DC80,0x51DCC0,0x51DD00,0x51DD40,0x51DD70,0x51DE30,0x51DF80,
0x51E0B0,0x51E0F0,0x51E100,0x51E6B0,0x51E730,0x51E780,0x51E8D0,0x51E920,0x51E940,0x51EB50,0x51EB70,0x51EC60,
0x51EC70,0x51ECB0,0x51ED00,0x51ED65,0x51EDB0,0x51EDD0,0x51EE10,0x51EEB0,0x51EEF0,0x51EF60,0x51EF80,0x51EFC0,
0x51F040,0x51F1B0,0x51F270,0x51F290,0x51F530,0x51F5F0,0x51F950,0x51FB80,0x51FB90,0x51FBA0,0x51FBC0,0x51FC00,
0x51FC20,0x51FC70,0x51FCE0,0x51FD60,0x51FD90,0x51FDE0,0x51FEA0,0x51FEC0,0x51FFA0,0x51FFC0,0x51FFF0,0x520020,
0x5200F0,0x520170,0x5201B0,0x5201F0,0x520230,0x520260,0x5202A0,0x5202B0,0x520310,0x520350,0x520380,0x5203D0,
0x520460,0x5204B0,0x521940,0x521960,0x521980,0x5219E0,0x521A40,0x521A50,0x521AF0,0x521B50,0x521BC0,0x521C80,
0x521E00,0x521E20,0x521E60,0x521E80,0x521EB0,0x521EC0,0x521EE0,0x521F10,0x521F60,0x521FB0,0x521FF0,0x522030,
0x522180,0x5221A0,0x522300,0x522350,0x522420,0x522460,0x5224A0,0x5224E0,0x522500,0x522540,0x5226B0,0x5226D0,
0x5227E0,0x5228A0,0x522930,0x523090,0x5230A0,0x5230B0,0x5230D0,0x523160,0x523170,0x5231C0,0x5231E0,0x523250,
0x523260,0x523270,0x523290,0x523390,0x5233A0,0x523420,0x523440,0x523470,0x5234B0,0x5235F0,0x5237D0,0x523AB0,
0x523DE0,0x523E70,0x5241A0,0x524330,0x524430,0x524610,0x524830,0x524850,0x524870,0x524890,0x524A10,0x524A70,
0x524A90,0x524AA0,0x524AB0,0x524AD0,0x524BD0,0x524BE0,0x524C00,0x524D00,0x524F40,0x524FB0,0x524FF0,0x525030,
0x525040,0x525050,0x525070,0x5253B0,0x525540,0x525610,0x525680,0x525780,0x525790,0x5257B0,0x5258B0,0x525960,
0x525B50,0x525C00,0x5260D0,0x526170,0x526200,0x526470,0x526580,0x526710,0x5268A0,0x526990,0x526A50,0x526A70,
0x526A80,0x526A90,0x526AB0,0x526AD0,0x526AF0,0x526B20,0x526B40,0x526B80,0x526C30,0x526DF0,0x526E10,0x526E20,
0x527300,0x5273B0,0x527410,0x527420,0x527460,0x527470,0x527490,0x527710,0x527720,0x527730,0x5277C0,0x5277E0,
0x527800,0x527880,0x5278D0,0x527920,0x527940,0x527960,0x527D60,0x527D70,0x527D80,0x527D90,0x527DA0,0x527DB0,
0x527DE0,0x527E80,0x527EA0,0x527ED0,0x5282B0,0x5283F0,0x528410,0x528430,0x528450,0x5288C0,0x5288E0,0x528970,
0x528A40,0x528AF0,0x528B49,0x528B90,0x528BC0,0x528BF0,0x528C10,0x5292E0,0x5292F0,0x529520,0x529680,0x529690,
0x5296B0,0x529770,0x529CF0,0x52A1D0,0x52A510,0x52A6A0,0x52A750,0x52A830,0x52A930,0x52A940,0x52A960,0x52AA80,
0x52AB10,0x52ABE0,0x52AC00,0x52AC20,0x52AD50,0x52AD70,0x52AD90,0x52ADC0,0x52ADE0,0x52AE50,0x52AE70,0x52AE80,
0x52AE90,0x52AEA0,0x52AF60,0x52AFE0,0x52B020,0x52B160,0x52B1A0,0x52B1D0,0x52B1F0,0x52B420,0x52B6C0,0x52B9C0,
0x52BAB0,0x52BAE0,0x52BB10,0x52BB30,0x52BB40,0x52BB70,0x52BBD0,0x52BBE0,0x52BDB0,0x52C150,0x52C1A0,0x52C250,
0x52C2C0,0x52C3A0,0x52C420,0x52C4E0,0x52C520,0x52C5E0,0x52C600,0x52CC00,0x52CC20,0x52CD70,0x52CDA0,0x52CDB0,
0x52CDC0,0x52CDD0,0x52CDF0,0x52D050,0x52D140,0x52D3C0,0x52D430,0x52D4A0,0x52D4B0,0x52D520,0x52D6A0,0x52DFB0,
0x52E000,0x52E020,0x52E150,0x52E1E0,0x52EB30,0x52EB50,0x52EBB0,0x52EBE0,0x52EC00,0x52EC70,0x52EC90,0x52ED3A,
0x52ED50,0x52ED80,0x52EDC0,0x52EE5A,0x52EE70,0x52EE90,0x52EF2E,0x52EF40,0x52EFA0,0x52EFF0,0x52F040,0x52F120,
0x52F160,0x52F1F0,0x52F330,0x52F3EE,0x52F410,0x52F460,0x52F4B0,0x52F510,0x52F550,0x52F7A0,0x52F830,0x52F8C0,
0x52FC30,0x52FCA0,0x52FD00,0x52FD50,0x52FD70,0x52FDB0,0x52FE25,0x52FE60,0x52FEE0,0x52FFA0,0x530110,0x530140,
0x530150,0x530180,0x5301E0,0x530259,0x530290,0x5302C0,0x5302E0,0x530690,0x5306B0,0x5306E0,0x530700,0x530720,
0x530760,0x530790,0x5307F0,0x530820,0x530860,0x530A19,0x530AC6,0x530B70,0x530C60,0x530CC0,0x5310E0,0x531B00,
0x531B60,0x531BC0,0x531C30,0x531CC0,0x531CE0,0x531D00,0x531D10,0x531D30,0x531D80,0x531D90,0x531DC0,0x531DD0,
0x531DE0,0x531DF0,0x531F30,0x531F70,0x531F80,0x531FA0,0x531FB0,0x531FC0,0x531FF0,0x532040,0x532050,0x532120,
0x532260,0x532270,0x532280,0x532290,0x5323E0,0x532450,0x5324D0,0x532660,0x5326E0,0x532700,0x532760,0x5327C0,
0x532820,0x532840,0x532860,0x532960,0x532A60,0x532A90,0x532AF0,0x532B30,0x532B50,0x532B70,0x532BC0,0x532C20,
0x532C70,0x532C90,0x532E30,0x532ED0,0x532F70,0x533080,0x533270,0x5332D0,0x5333D0,0x5334E0,0x5335F0,0x533700,
0x533780,0x533880,0x533950,0x5339E0,0x533A70,0x533AF0,0x533B00,0x533B30,0x533B60,0x533BB0,0x533C23,0x533C60,
0x533C80,0x533CA0,0x533D50,0x533DC4,0x533E00,0x533E30,0x5348A0,0x5348D0,0x534900,0x534920,0x534960,0x534990,
0x5349C0,0x534B75,0x534C1E,0x534CA0,0x534D10,0x534DA0,0x534FA0,0x534FF0,0x535020,0x535030,0x535040,0x535060,
0x535190,0x5351A0,0x5351B0,0x535240,0x535260,0x535280,0x5352B0,0x5352E0,0x5356A0,0x535810,0x535850,0x535910,
0x535940,0x5359D0,0x5359E0,0x5359F0,0x535A10,0x535AB0,0x535AC0,0x535AD0,0x535BA0,0x535C50,0x535F30,0x535F50,
0x5360C0,0x5360F0,0x536180,0x5361B0,0x5361D0,0x5362A0,0x5365A0,0x536610,0x5366E0,0x536D30,0x536D50,0x536D70,
0x536D80,0x536DD0,0x536DE0,0x536E10,0x536E20,0x536E30,0x536EA0,0x536EC0,0x536F60,0x537080,0x537110,0x537160,
0x5371C0,0x537300,0x537390,0x5373B0,0x537780,0x537790,0x5378A0,0x537960,0x5379C0,0x537AC0,0x537AE0,0x537B70,
0x537FB0,0x5384B0,0x5388E0,0x5388F0,0x538920,0x538950,0x538980,0x5389E0,0x5389F0,0x538A50,0x538A60,0x538AE0,
0x538B50,0x538C00,0x538C60,0x538CB0,0x538D20,0x538D40,0x538D50,0x538D80,0x538DC0,0x538F30,0x538F50,0x538FA0,
0x5390D0,0x539340,0x5396E0,0x5398C0,0x5399D0,0x539A00,0x539B40,0x539B50,0x539C70,0x53A4A0,0x53A4C0,0x53A4D0,
0x53A4E0,0x53A4F0,0x53A500,0x53A510,0x53A540,0x53A550,0x53A560,0x53A5C0,0x53A620,0x53A690,0x53A6A0,0x53A6B0,
0x53A6C0,0x53A6F0,0x53A700,0x53A760,0x53A7C0,0x53A820,0x53A930,0x53A980,0x53A9B0,0x53A9D0,0x53A9F0,0x53AA30,
0x53AA80,0x53AAA0,0x53AB90,0x53AC40,0x53AC60,0x53ACB0,0x53ACC0,0x53ACE0,0x53AD00,0x53AD20,0x53AD40,0x53AD60,
0x53AD80,0x53ADA0,0x53ADC0,0x53ADE0,0x53AE00,0x53AE20,0x53AE40,0x53AE70,0x53AE90,0x53AEB0,0x53AED0,0x53AEF0,
0x53AF10,0x53AF30,0x53AF50,0x53AF60,0x53AF70,0x53AF90,0x53AFB0,0x53AFD0,0x53AFF0,0x53B000,0x53B020,0x53B060,
0x53B080,0x53B090,0x53B0B0,0x53B0D0,0x53B0E0,0x53B0F0,0x53B150,0x53B170,0x53B190,0x53B1F0,0x53B240,0x53B260,
0x53B290,0x53B2B0,0x53B2E0,0x53B490,0x53B530,0x53B570,0x53B670,0x53B770,0x53B9E0,0x53BA40,0x53BF80,0x53C020,
0x53C090,0x53C0F0,0x53C160,0x53C1A0,0x53C210,0x53C270,0x53C2D0,0x53C340,0x53C370,0x53C3A0,0x53C3B0,0x53C3D0,
0x53C420,0x53C470,0x53C480,0x53C490,0x53C4E0,0x53C550,0x53C590,0x53C5D0,0x53C830,0x53C860,0x53C8F0,0x53C9A0,
0x53CB90,0x53CD20,0x53D2B0,0x53D4A0,0x53D600,0x53D840,0x53DA80,0x53DBE0,0x53DD40,0x53DE40,0x53DF40,0x53E040,
0x53E140,0x53E260,0x53E380,0x53E4A0,0x53E750,0x53E8C0,0x53E980,0x53E9C0,0x53EA00,0x53EA20,0x53EA60,0x53EAE7,
0x53EB00,0x53EB20,0x53EBD0,0x53EDE0,0x53EE10,0x53F010,0x53F020,0x53FCC0,0x53FEF0,0x5406F0,0x540F20,0x540F50,
0x541030,0x5412F0,0x541330,0x5413C0,0x541540,0x541A30,0x541BE0,0x541C10,0x541C20,0x541CD0,0x541D90,0x541E00,
0x541E20,0x541E40,0x541E60,0x5429A0,0x5429D0,0x542FE0,0x543040,0x543050,0x543090,0x5430C0,0x5433F0,0x543410,
0x5437F0,0x543810,0x543820,0x545400,0x546610,0x546800,0x5472B0,0x547360,0x547380,0x547390,0x5473A0,0x5473C0,
0x5473D0,0x547630,0x547640,0x547650,0x547670,0x547680,0x5476D0,0x5476E0,0x547710,0x547720,0x547730,0x547740,
0x547750,0x547760,0x5477B0,0x5477E0,0x547840,0x547940,0x547A80,0x547B70,0x547BB0,0x547BE0,0x547C10,0x547C40,
0x547C70,0x547CD0,0x547CF0,0x547D00,0x547D20,0x547F10,0x547F40,0x547FD0,0x548080,0x5480D0,0x548130,0x5481B0,
0x548240,0x5482D0,0x548390,0x5483D0,0x5484B0,0x5484E0,0x548540,0x548570,0x5486A0,0x5486E0,0x548890,0x548A80,
0x548AC0,0x548B50,0x548B90,0x548C50,0x548CB5,0x548D00,0x548D20,0x548D40,0x548D80,0x549020,0x5490D0,0x549120,
0x549130,0x549280,0x549390,0x549550,0x5495D0,0x5496F0,0x549720,0x5498E0,0x549B00,0x549C10,0x54A170,0x54A390,
0x54A3B0,0x54A3D0,0x54A400,0x54A420,0x54A440,0x54A460,0x54A470,0x54A4B0,0x54A500,0x54A650,0x54A680,0x54A700,
0x54A750,0x54A780,0x54A7B0,0x54A7E0,0x54A840,0x54A8D0,0x54A960,0x54AA00,0x54AA80,0x54AB70,0x54AD50,0x54AF20,
0x54AF30,0x54B1F0,0x54B210,0x54B2D0,0x54B450,0x54B480,0x54B4A0,0x54B4D0,0x54B4E0,0x54B510,0x54B520,0x54B530,
0x54B540,0x54B570,0x54B590,0x54B5C0,0x54B5F0,0x54B620,0x54B640,0x54B7D0,0x54B7E0,0x54B7F0,0x54B810,0x54B830,
0x54B860,0x54B880,0x54B890,0x54B8A0,0x54B8C0,0x54B8D0,0x54BCF0,0x54BD10,0x54BD30,0x54BD50,0x54BD70,0x54BD80,
0x54BDA0,0x54BDB0,0x54BE10,0x54BE60,0x54BE70,0x54BEA0,0x54BEC0,0x54BEE0,0x54BFD0,0x54C0D0,0x54C150,0x54C170,
0x54C1A0,0x54C1B0,0x54C1F0,0x54C240,0x54C280,0x54C2B0,0x54C320,0x54C330,0x54C360,0x54C3C0,0x54C440,0x54C4C0,
0x54C540,0x54C5C0,0x54C680,0x54C6C0,0x54C8C0,0x54D350,0x54D390,0x54D3E0,0x54D5B0,0x54EA10,0x54EB10,0x54EC00,
0x54EF60,0x54F290,0x54F500,0x54F740,0x54F7B0,0x54F7F0,0x54F810,0x54F88E,0x54F8B0,0x54F950,0x54F960,0x54F9D0,
0x54F9E0,0x54FA00,0x54FA80,0x54FB40,0x54FB60,0x54FBA0,0x54FBE0,0x54FC20,0x54FC60,0x54FCD0,0x54FD35,0x54FD80,
0x54FDE5,0x54FE30,0x54FED0,0x550340,0x550360,0x550400,0x550420,0x550B20,0x551460,0x551570,0x5516F0,0x551870,
0x5518A0,0x5518F0,0x551920,0x5519D0,0x5519F0,0x551A70,0x551CE0,0x551F60,0x5520D0,0x5525E0,0x552830,0x552AC0,
0x552AD0,0x552B20,0x552B50,0x552B60,0x552B70,0x552B90,0x552BB0,0x552BD0,0x552BF0,0x552C00,0x552C10,0x552C30,
0x552C50,0x552C80,0x552CB0,0x552CD0,0x552DD0,0x552E60,0x552ED0,0x552F40,0x552F90,0x552FB0,0x552FD0,0x553000,
0x553030,0x553060,0x553090,0x5530D0,0x553110,0x553120,0x553130,0x5531A0,0x553250,0x553260,0x5532F0,0x553320,
0x553360,0x553370,0x5533C0,0x5533E0,0x553410,0x553430,0x553470,0x5534A0,0x5534D0,0x553562,0x553580,0x5535D0,
0x553620,0x553660,0x5536C0,0x553874,0x553970,0x553AD9,0x553BC0,0x553BF0,0x553C50,0x553C90,0x553D30,0x553DA0,
0x553E40,0x553EB0,0x553F00,0x553F50,0x553F70,0x554000,0x554030,0x554080,0x5540B0,0x5540F0,0x5542E0,0x554380,
0x5543FB,0x554420,0x554460,0x5544A0,0x554500,0x554570,0x5545D5,0x554620,0x554660,0x554680,0x554720,0x554740,
0x5549F0,0x554A70,0x554D30,0x554D70,0x555040,0x555050,0x555070,0x555140,0x555160,0x5552D0,0x555690,0x555830,
0x555840,0x5558B0,0x5558E0,0x555900,0x555910,0x555980,0x5559C0,0x555A30,0x555A70,0x555AA0,0x555AD0,0x555AF0,
0x555B20,0x555B50,0x555B70,0x555BB0,0x555BD0,0x555C10,0x555C20,0x555C30,0x555C40,0x555C50,0x555C80,0x555CC0,
0x555D00,0x555D50,0x555DA0,0x555DF0,0x555E40,0x555E60,0x555E80,0x555EC0,0x555EF0,0x555F20,0x555F50,0x555F70,
0x555F90,0x555FB0,0x555FE0,0x556020,0x556100,0x556200,0x556220,0x556550,0x556610,0x556730,0x556810,0x556A00,
0x556A60,0x556AB0,0x556B20,0x556B80,0x556B90,0x556BB0,0x556BD0,0x556C00,0x556C40,0x556D00,0x556D10,0x556D50,
0x556E10,0x556E60,0x556EE0,0x556F00,0x556F30,0x556F60,0x556F90,0x557260,0x557320,0x557350,0x557370,0x557550,
0x5575F0,0x557630,0x557660,0x557680,0x557900,0x557950,0x5579A0,0x5579D0,0x557A00,0x557A70,0x557B50,0x557B70,
0x557B90,0x557D3C,0x557E40,0x557F50,0x558010,0x558070,0x5580E0,0x558430,0x558440,0x5584D0,0x558520,0x5586D0,
0x5586F0,0x558910,0x558AC0,0x558C60,0x559000,0x559760,0x559780,0x559820,0x559880,0x559920,0x5599E0,0x559A60,
0x559AC0,0x559B20,0x559B40,0x559CA0,0x559D20,0x559F60,0x55A4A0,0x55A500,0x55A570,0x55A810,0x55A830,0x55B850,
0x55B9C0,0x55BA20,0x55BA60,0x55BA80,0x55BA90,0x55BAE0,0x55BB60,0x55BBC0,0x55BBF0,0x55BC00,0x55BC10,0x55BC20,
0x55BC40,0x55BC60,0x55BC80,0x55BCA0,0x55BCD0,0x55BD00,0x55BD20,0x55BD50,0x55BD70,0x55C470,0x55C490,0x55C4A0,
0x55C4D0,0x55C500,0x55C540,0x55C5B0,0x55C5D0,0x55C610,0x55C640,0x55C690,0x55C760,0x55C810,0x55CA40,0x55CB20,
0x55CBC0,0x55CDB0,0x55CDE0,0x55CE00,0x55CFD0,0x55CFE0,0x55D2E0,0x55D350,0x55D3C0,0x55D990,0x55DB70,0x55DCF0,
0x55DF60,0x55E820,0x55EC20,0x55ED70,0x55ED90,0x55EDB0,0x55EDF0,0x55EE10,0x55EE20,0x55F3B0,0x55F3D0,0x55F400,
0x55F450,0x55F470,0x55F4A0,0x55F560,0x55F640,0x55F700,0x55F7C0,0x55F890,0x55F950,0x55FA20,0x55FAF0,0x55FBB0,
0x55FC70,0x55FD30,0x55FDF0,0x55FEC0,0x55FF80,0x560040,0x560100,0x560340,0x5604E0,0x5605D0,0x560670,0x560730,
0x5607F0,0x560840,0x560890,0x5608A0,0x5608B0,0x5608D0,0x5608F0,0x560900,0x560980,0x5609A0,0x5609B0,0x560A20,
0x560A40,0x560A50,0x560A80,0x560A90,0x560AA0,0x560B10,0x560B20,0x560B80,0x560BA0,0x560BC0,0x560BF0,0x560CA0,
0x560D20,0x560DD0,0x560E80,0x560F70,0x561060,0x561100,0x5611E0,0x561270,0x561320,0x5613A0,0x561520,0x5616B0,
0x561830,0x5619C0,0x561AA0,0x561C10,0x561E30,0x561E50,0x561E70,0x561F30,0x561F40,0x561FB0,0x561FD0,0x562090,
0x5620B0,0x562380,0x5626D0,0x562860,0x562A50,0x562A70,0x562A90,0x562AB0,0x562C10,0x562C90,0x562CB0,0x562D80,
0x562DA0,0x562DB0,0x562DC0,0x562DD0,0x562DE0,0x562DF0,0x562E00,0x562E10,0x562E50,0x562E60,0x562E70,0x562E80,
0x562E90,0x562EA0,0x562EB0,0x562EC0,0x562ED0,0x562EE0,0x562EF0,0x562F00,0x562F10,0x562F60,0x562F80,0x562FD0,
0x563020,0x563060,0x5630B0,0x563100,0x563150,0x563180,0x5631D0,0x563220,0x563270,0x5632C0,0x563310,0x563360,
0x5633B0,0x563400,0x563450,0x5634A0,0x5634F0,0x563540,0x563590,0x5635E0,0x563630,0x563680,0x5636D0,0x563720,
0x563770,0x5637C0,0x563810,0x563860,0x5638B0,0x563900,0x563950,0x5639A0,0x563A40,0x563A50,0x563A60,0x563A70,
0x563A80,0x563A90,0x563AA0,0x563AB0,0x563AC0,0x563AD0,0x563AE0,0x563B20,0x563B60,0x563B90,0x563BC0,0x563BD0,
0x563C30,0x563C60,0x563C90,0x563CB0,0x563CC0,0x563DD0,0x563ED0,0x563FE0,0x5640F0,0x564130,0x5641C0,0x564250,
0x5642C0,0x564360,0x5643E0,0x564470,0x5644F0,0x564570,0x564600,0x564690,0x5646C0,0x564760,0x5647E0,0x564860,
0x5648E0,0x564960,0x5649E0,0x564A10,0x564AF0,0x564C80,0x564D60,0x564EF0,0x564FD0,0x565160,0x565240,0x565320,
0x5654B0,0x565590,0x565720,0x565800,0x565990,0x565A70,0x565C00,0x565CE0,0x565E70,0x565F50,0x5660E0,0x5661C0,
0x566350,0x566430,0x5665C0,0x5666A0,0x566830,0x566910,0x566AA0,0x566B80,0x566D10,0x566DF0,0x566F80,0x567060,
0x5671F0,0x5672D0,0x567460,0x567540,0x5676D0,0x5677B0,0x567940,0x567A20,0x567BB0,0x567C90,0x567E20,0x567F00,
0x568090,0x568170,0x568300,0x5683E0,0x568570,0x568650,0x5687E0,0x5688C0,0x568A50,0x568B30,0x568CC0,0x568DA0,
0x568F30,0x5690C0,0x5691A0,0x569280,0x569410,0x569440,0x5694B0,0x569530,0x569560,0x569590,0x5695C0,0x5695F0,
0x569670,0x5696D0,0x569730,0x569790,0x5697F0,0x569850,0x5698B0,0x569910,0x569970,0x5699D0,0x569A30,0x569A90,
0x569AF0,0x569B50,0x569BB0,0x569C10,0x569C70,0x569CD0,0x569D30,0x569D90,0x569DF0,0x569E50,0x569EB0,0x569F10,
0x569F70,0x569FD0,0x56A030,0x56A090,0x56A0F0,0x56A150,0x56A1B0,0x56A300,0x56A380,0x56A540,0x56A880,0x56AAA0,
0x56AC10,0x56ACE0,0x56AD00,0x56AEA0,0x56AEC0,0x56AF30,0x56AF50,0x56AFF0,0x56B0C0,0x56B1E0,0x56B350,0x56B3F0,
0x56B590,0x56B6B0,0x56B7F0,0x56B8A0,0x56B8C0,0x56B990,0x56B9A0,0x56BA40,0x56BA50,0x56BA70,0x56BA80,0x56BAA0,
0x56BAC0,0x56BAD0,0x56BAE0,0x56BB00,0x56BB20,0x56BB30,0x56BB50,0x56BC40,0x56BE20,0x56C000,0x56C1E0,0x56C3C0,
0x56C5A0,0x56C780,0x56C960,0x56CB40,0x56CD30,0x56CF10,0x56D110,0x56D2F0,0x56D4E0,0x56D6C0,0x56D8A0,0x56DA80,
0x56DC60,0x56DE40,0x56E020,0x56E200,0x56E3E0,0x56E5D0,0x56E7B0,0x56E9A0,0x56EB80,0x56ED70,0x56EF60,0x56F150,
0x56F330,0x56F520,0x56F530,0x56F540,0x56F550,0x56F560,0x56F570,0x56F580,0x56F590,0x56F5A0,0x56F5B0,0x56F5C0,
0x56F5D0,0x56F5E0,0x56F680,0x56F690,0x56F6A0,0x56F6B0,0x56F6C0,0x56F6D0,0x56F6E0,0x56F6F0,0x56F700,0x56F710,
0x56F720,0x56F730,0x56F740,0x56F750,0x56F760,0x56F770,0x56F780,0x56F7B0,0x56F7C0,0x56F7D0,0x56F9B0,0x56FAA0,
0x56FAD0,0x56FAE0,0x56FB20,0x56FD10,0x56FD20,0x56FD60,0x56FDA0,0x56FDE0,0x56FE20,0x570090,0x5700A0,0x5700B0,
0x570470,0x5704B0,0x5704F0,0x5705D0,0x5706E0,0x570740,0x570770,0x5707F0,0x570820,0x570840,0x570920,0x570BB0,
0x570D40,0x570D90,0x570F90,0x571070,0x571130,0x5711B0,0x5713F0,0x571650,0x571680,0x571780,0x5717C0,0x5717D0,
0x571800,0x571860,0x5718B0,0x571920,0x571940,0x5719B0,0x5719C0,0x571A20,0x571AA0,0x571B50,0x571C80,0x571CB0,
0x571CC0,0x571CF0,0x571D80,0x571DA0,0x571E10,0x571E50,0x571E70,0x571F20,0x571FD0,0x572090,0x5720B0,0x5720D0,
0x572170,0x5724F0,0x572610,0x572630,0x572640,0x572680,0x572700,0x572720,0x572AD0,0x572B10,0x572BC0,0x572BE0,
0x572C70,0x572D40,0x572F10,0x572F70,0x573210,0x573250,0x573300,0x5733A0,0x5733C0,0x573400,0x573470,0x573520,
0x573530,0x5735B0,0x573780,0x5737A0,0x5738A0,0x573930,0x573960,0x5739C0,0x573A50,0x573A70,0x573AE0,0x573C40,
0x573D00,0x573D40,0x573D50,0x573EF0,0x573F10,0x573FB0,0x574050,0x5745D0,0x574610,0x574730,0x574750,0x574770,
0x5747B0,0x574830,0x574C80,0x574CC0,0x574D70,0x574E30,0x574E50,0x574E80,0x574E90,0x574EA0,0x574EB0,0x574ED0,
0x574F60,0x574FF0,0x575080,0x575150,0x575300,0x575330,0x575400,0x5754B0,0x575A30,0x575AB0,0x575AD0,0x575AF0,
0x575B80,0x575CA0,0x575D00,0x575D80,0x575DA0,0x576170,0x5761B0,0x576260,0x576340,0x576360,0x576720,0x576760,
0x576770,0x576780,0x5767A0,0x576800,0x576820,0x576A90,0x576C20,0x576C90,0x576D70,0x576D90,0x576DB0,0x576DD0,
0x577480,0x5774A0,0x577540,0x577550,0x577560,0x577570,0x5775A0,0x5775C0,0x5775F0,0x577620,0x577660,0x5776C0,
0x5776E0,0x577700,0x5777F0,0x577810,0x577830,0x5778D0,0x5778F0,0x577910,0x577981,0x5779A0,0x577A09,0x577A20,
0x577A90,0x577AB0,0x577AD0,0x577B10,0x577B70,0x577B80,0x577BE5,0x577C30,0x577C60,0x577CC0,0x577D30,0x577F70,
0x577F90,0x577FE0,0x578010,0x578060,0x5780B0,0x5780C0,0x578110,0x578120,0x578180,0x5781FB,0x578220,0x578280,
0x578290,0x5782D0,0x578360,0x5784C0,0x578710,0x578750,0x5787A0,0x5787D0,0x578835,0x578880,0x5788A0,0x5788E0,
0x578990,0x5789C0,0x578A10,0x578A20,0x578AB0,0x578AE0,0x578E20,0x578E30,0x578E70,0x578EEB,0x578F10,0x578FF0,
0x5790B0,0x5790D0,0x579110,0x579210,0x579275,0x5792C0,0x579330,0x579370,0x579390,0x5793D0,0x579450,0x579512,
0x579560,0x5795B0,0x5795D0,0x579640,0x579900,0x579920,0x5799E0,0x579BA0,0x579BB0,0x579C00,0x579CA0,0x579CE0,
0x579D20,0x579D60,0x579D70,0x579D90,0x579DE0,0x579ED0,0x579EF0,0x57A000,0x57A080,0x57A0A0,0x57A0D0,0x57A180,
0x57A230,0x57A310,0x57A390,0x57A430,0x57A530,0x57A7A0,0x57A7D0,0x57A860,0x57A8C0,0x57A970,0x57AA20,0x57AAE0,
0x57ABB0,0x57AC90,0x57AD40,0x57AE00,0x57AED0,0x57AFB0,0x57B080,0x57B150,0x57B230,0x57B320,0x57B3E0,0x57B4E0,
0x57B5A0,0x57B6B0,0x57B770,0x57B840,0x57B910,0x57B9C0,0x57BA70,0x57BB20,0x57BBD0,0x57BC80,0x57BD40,0x57BDF0,
0x57BEA0,0x57BF50,0x57C010,0x57C0C0,0x57C180,0x57C220,0x57C2D0,0x57C380,0x57C420,0x57C4B0,0x57C5B0,0x57C660,
0x57C710,0x57C8D0,0x57CB60,0x57D070,0x57D090,0x57D0C0,0x57D110,0x57D190,0x57D1F0,0x57D220,0x57D250,0x57D260,
0x57D270,0x57D280,0x57D2A0,0x57D2C0,0x57D2F0,0x57D310,0x57D330,0x57D360,0x57D3A0,0x57D400,0x57D410,0x57D4B0,
0x57D550,0x57D5A0,0x57D5C0,0x57D600,0x57D640,0x57D660,0x57D680,0x57D690,0x57D6B0,0x57D6C0,0x57D730,0x57D780,
0x57D820,0x57D830,0x57D860,0x57D880,0x57D920,0x57D960,0x57D9C6,0x57DA00,0x57DAE0,0x57DB00,0x57DC8B,0x57DCE0,
0x57DD4B,0x57DD80,0x57DF50,0x57E080,0x57E0B0,0x57E1D0,0x57E280,0x57E310,0x57E3A0,0x57E440,0x57E470,0x57E490,
0x57E4B0,0x57E520,0x57E560,0x57E590,0x57E5D0,0x57E600,0x57E640,0x57E6A0,0x57E6D0,0x57E760,0x57E85A,0x57E870,
0x57EA34,0x57EAE1,0x57EB70,0x57EB80,0x57EBF0,0x57ED20,0x57EDB0,0x57EDE0,0x57F1B0,0x57F2F0,0x57F3A0,0x57F3B0,
0x57F3C0,0x57F3F0,0x57F400,0x57F420,0x57F440,0x57F450,0x57F4F0,0x57F520,0x57F570,0x57F5A0,0x57F5D0,0x57F5F0,
0x57F620,0x57F6E0,0x57F720,0x57F750,0x57F760,0x57F7C0,0x57F7E0,0x57F810,0x57F840,0x57F890,0x57F8E0,0x57F970,
0x57FAA0,0x57FAD0,0x57FAF0,0x57FB00,0x57FB30,0x57FBB0,0x57FCB0,0x57FD00,0x57FD30,0x57FD40,0x57FDB0,0x57FDC0,
0x57FF30,0x57FFB0,0x57FFF0,0x580020,0x580070,0x580080,0x580090,0x5800D0,0x580120,0x580150,0x5801C0,0x580390,
0x5803C0,0x580440,0x580450,0x580620,0x5806C0,0x580750,0x581570,0x5816A0,0x5816F0,0x581760,0x581930,0x5819A0,
0x581A40,0x581A50,0x581A70,0x581A90,0x581B70,0x581C00,0x581C40,0x581C90,0x581CB0,0x581D80,0x581E00,0x581FA0,
0x581FB0,0x581FC0,0x581FE0,0x581FF0,0x582000,0x582010,0x582070,0x582090,0x5820B0,0x582150,0x5821A0,0x582200,
0x582270,0x5822E0,0x582310,0x582350,0x5824A0,0x5825A0,0x582610,0x582650,0x582670,0x582710,0x582870,0x582BE0,
0x582C00,0x582D10,0x582E20,0x582E30,0x582E60,0x582E80,0x582E90,0x582EC0,0x582EE0,0x582F40,0x582FA0,0x5832C0,
0x583300,0x583310,0x583350,0x583560,0x583690,0x5836E0,0x583810,0x583930,0x583B70,0x583BA0,0x583C90,0x583D20,
0x583D70,0x583E60,0x583F00,0x583F90,0x5840C0,0x5840E0,0x584190,0x5848B0,0x5848C0,0x584950,0x584980,0x584C80,
0x584CB0,0x584CF0,0x584D70,0x584DB0,0x584E60,0x584EF0,0x584F60,0x585040,0x5850A0,0x585210,0x5852A0,0x585360,
0x585450,0x585680,0x585710,0x585730,0x585740,0x585750,0x585760,0x5857B0,0x5857E0,0x585800,0x585840,0x585910,
0x585950,0x5859A0,0x585B20,0x585BC0,0x585C30,0x585C50,0x585DC0,0x585DE0,0x585E40,0x586A70,0x586B10,0x586B30,
0x586BA0,0x586D80,0x586E10,0x586E50,0x586EA0,0x586EC0,0x586FE0,0x586FF0,0x587000,0x587010,0x587020,0x587030,
0x587070,0x5870C0,0x587140,0x587160,0x5871E0,0x587260,0x587290,0x587300,0x587340,0x587370,0x587390,0x5873C0,
0x5873E0,0x587400,0x587470,0x587490,0x5874B0,0x5874D0,0x5874E0,0x587560,0x587590,0x587600,0x587640,0x587690,
0x587790,0x587810,0x5878A0,0x587920,0x5879D0,0x587B10,0x587B30,0x587BF0,0x587CE0,0x587D30,0x588260,0x588290,
0x5882C0,0x5883C0,0x5883F0,0x588430,0x588480,0x588630,0x5886A0,0x588820,0x588840,0x588B30,0x588C20,0x588C40,
0x588CC0,0x588CE0,0x588D00,0x588DA0,0x588E40,0x588E80,0x588ED0,0x588F10,0x588F50,0x589060,0x5890E0,0x589170,
0x589200,0x589330,0x5893B0,0x589920,0x589940,0x589C50,0x589CF0,0x589D10,0x589D20,0x589DA0,0x589DC0,0x589DF0,
0x589E10,0x589E30,0x589E70,0x589F20,0x589F60,0x589FB0,0x58A030,0x58A200,0x58A2A0,0x58A320,0x58A3C0,0x58A3E0,
0x58A540,0x58A560,0x58AF40,0x58B000,0x58B090,0x58B200,0x58B270,0x58B2E0,0x58B560,0x58B5F0,0x58B630,0x58B680,
0x58B6B0,0x58B850,0x58B950,0x58B970,0x58BE00,0x58BEF0,0x58BF70,0x58C0B0,0x58C210,0x58C2A0,0x58C370,0x58C390,
0x58C3A0,0x58C3C0,0x58C400,0x58C410,0x58C450,0x58C530,0x58C580,0x58C5F0,0x58C630,0x58C6A0,0x58C720,0x58C770,
0x58C810,0x58CB70,0x58CB90,0x58CBA0,0x58CBC0,0x58CBE0,0x58CBF0,0x58CCF0,0x58CD20,0x58CD70,0x58CDD0,0x58CE00,
0x58CE40,0x58CFDE,0x58D069,0x58D100,0x58D1C0,0x58D200,0x58D250,0x58D2A0,0x58D2C0,0x58DB40,0x58DB50,0x58DC40,
0x58DCB0,0x58DCF0,0x58DD20,0x58DD30,0x58DD50,0x58DDD0,0x58E150,0x58E180,0x58E1B0,0x58E660,0x58E890,0x58E8A0,
0x58E930,0x58E950,0x58E980,0x58E9B0,0x58E9F0,0x58EA30,0x58EA90,0x58EAA0,0x58EAB0,0x58EB40,0x58EB50,0x58EB70,
0x58EBE0,0x58EC90,0x58ED40,0x58EE30,0x58EEE0,0x58EF60,0x58F0B0,0x58F1E0,0x58F240,0x58F290,0x58F2B0,0x58F340,
0x58F3B0,0x58F3E0,0x58F400,0x58F590,0x58F600,0x58F620,0x58F650,0x58FBF0,0x58FC30,0x58FD40,0x58FED0,0x58FF10,
0x590070,0x5900C0,0x5902C0,0x590450,0x590470,0x5904B0,0x591640,0x591AF0,0x591B80,0x591BC0,0x591C00,0x591C70,
0x591D70,0x591E05,0x591E20,0x591ED0,0x591FB0,0x592000,0x592020,0x592A40,0x592AC0,0x592AD0,0x592AE0,0x592AF0,
0x592B00,0x592B10,0x592B20,0x592B30,0x592B50,0x592B70,0x592B80,0x592BA0,0x592BB0,0x592BC0,0x592BD0,0x592BE0,
0x592BF0,0x592C00,0x592C10,0x592C20,0x592C30,0x592C90,0x592CF0,0x592D00,0x592D10,0x592D40,0x592D90,0x592DA0,
0x592DE0,0x592E10,0x592E40,0x592E70,0x592EA0,0x592F10,0x592FE0,0x593050,0x593110,0x593150,0x5931A0,0x593250,
0x593260,0x5932A0,0x593340,0x593390,0x5933E0,0x593440,0x5934A0,0x5935F0,0x593650,0x5936C0,0x593770,0x593830,
0x593880,0x5938D0,0x593920,0x593940,0x5939E0,0x593A00,0x593A90,0x593AF0,0x593BB0,0x593BF0,0x593C80,0x593D10,
0x593DE0,0x593E00,0x593EA0,0x593FB0,0x594000,0x594030,0x594110,0x594120,0x594130,0x594180,0x5941A0,0x5941C0,
0x594270,0x594280,0x594290,0x5942A0,0x5942B0,0x594380,0x5943F0,0x594450,0x5944D0,0x594540,0x594580,0x5945D0,
0x594600,0x594640,0x594690,0x5946D0,0x594720,0x594780,0x594810,0x594880,0x5949B0,0x5949D0,0x594A00,0x594A90,
0x594B70,0x594BD0,0x594BF0,0x594E10,0x594E70,0x594ED0,0x594EF0,0x594F10,0x594F50,0x594F80,0x594FD0,0x595030,
0x5950A0,0x5950C0,0x5950E0,0x595150,0x5951F0,0x595250,0x5952A0,0x595520,0x595580,0x5955B0,0x595630,0x595690,
0x5956A0,0x5957E0,0x595810,0x595850,0x5958F0,0x595930,0x595970,0x595A40,0x595AC0,0x595D30,0x595F30,0x595F60,
0x5961A0,0x596260,0x596350,0x596360,0x596390,0x5963F0,0x596450,0x5964B0,0x596590,0x596610,0x596730,0x596820,
0x596CE0,0x596D20,0x596D60,0x596E20,0x596EB0,0x596EE0,0x596F10,0x597290,0x597360,0x5973F0,0x597410,0x5974B0,
0x597620,0x597690,0x597720,0x597770,0x5977C0,0x597860,0x597900,0x597930,0x5979D0,0x597BF0,0x598080,0x5980E0,
0x598130,0x598280,0x5983D0,0x598460,0x5984E0,0x598520,0x5985E0,0x5986A0,0x5986B0,0x5986E0,0x598860,0x598890,
0x598950,0x598970,0x5989D0,0x5989E0,0x5989F0,0x598A00,0x598A10,0x598A20,0x598A30,0x598A40,0x598A50,0x598AC0,
0x598B80,0x598B90,0x598BD0,0x598BF0,0x598C10,0x598C20,0x598C60,0x598C80,0x598CC0,0x598CD0,0x598D50,0x598D70,
0x598E40,0x598E50,0x598F20,0x598F30,0x598F90,0x599100,0x599110,0x599170,0x599190,0x599270,0x599370,0x599480,
0x5995B0,0x599690,0x5997E0,0x5998A0,0x599920,0x599930,0x599990,0x5999B0,0x5999E0,0x599A00,0x599A20,0x599A80,
0x599B60,0x599B90,0x599C60,0x599C90,0x599D50,0x599F80,0x59A180,0x59A490,0x59A660,0x59A9E0,0x59AD60,0x59BD90,
0x59BDF0,0x59BF60,0x59C070,0x59C090,0x59C2A0,0x59C710,0x59C7E0,0x59CA30,0x59CB30,0x59CDA0,0x59D1D0,0x59D310,
0x59D770,0x59D780,0x59D7D0,0x59D820,0x59D880,0x59D8D0,0x59D900,0x59D960,0x59D9C0,0x59D9D0,0x59DA40,0x59DA50,
0x59DE80,0x59E260,0x59E2A0,0x59E2C0,0x59E2E0,0x59E300,0x59E310,0x59E330,0x59E390,0x59E3F0,0x59E450,0x59E480,
0x59E4B0,0x59E670,0x59E770,0x59E7E0,0x59E850,0x59EA10,0x59EBC0,0x59EBD0,0x59EC80,0x59ED30,0x59EDE0,0x59EE00,
0x59EE70,0x59EF50,0x59F0C0,0x59F110,0x59F170,0x59F180,0x59F1C0,0x59F1D0,0x59F210,0x59F220,0x59F260,0x59F750,
0x59F970,0x59FBB0,0x59FE20,0x5A00C0,0x5A01F0,0x5A0360,0x5A04E0,0x5A0700,0x5A0870,0x5A0990,0x5A09B0,0x5A09D0,
0x5A09F0,0x5A0A10,0x5A0A30,0x5A0A50,0x5A0A70,0x5A0A90,0x5A0AC0,0x5A0B00,0x5A0B30,0x5A0B90,0x5A0BD0,0x5A0C50,
0x5A0CB0,0x5A0CD0,0x5A0DA0,0x5A0DC0,0x5A0DF0,0x5A0E60,0x5A0EC0,0x5A0ED0,0x5A0F00,0x5A0FB0,0x5A1030,0x5A1070,
0x5A10C0,0x5A11F0,0x5A1350,0x5A1410,0x5A16D0,0x5A16F0,0x5A1700,0x5A1710,0x5A1720,0x5A1740,0x5A1760,0x5A1770,
0x5A1780,0x5A1790,0x5A17B0,0x5A17D0,0x5A17F0,0x5A1810,0x5A1820,0x5A1830,0x5A1840,0x5A1850,0x5A1890,0x5A18C0,
0x5A18F0,0x5A1900,0x5A1910,0x5A1920,0x5A1940,0x5A1960,0x5A1980,0x5A19C0,0x5A1A20,0x5A1A30,0x5A1A40,0x5A1AD0,
0x5A1AE0,0x5A1AF0,0x5A1C00,0x5A1C10,0x5A1C60,0x5A1CA0,0x5A1CC0,0x5A1CE0,0x5A1D10,0x5A1D40,0x5A1DA0,0x5A1DF0,
0x5A1E30,0x5A1E80,0x5A1EA0,0x5A1EF0,0x5A1F40,0x5A1F70,0x5A1FB0,0x5A1FE0,0x5A2000,0x5A2020,0x5A20D0,0x5A2160,
0x5A21A0,0x5A21E0,0x5A2242,0x5A2280,0x5A2350,0x5A2410,0x5A25B0,0x5A26B0,0x5A2714,0x5A2750,0x5A2780,0x5A2940,
0x5A2AF0,0x5A2C00,0x5A2D30,0x5A2D60,0x5A2E60,0x5A2F60,0x5A2FF0,0x5A3080,0x5A30D0,0x5A30F0,0x5A3110,0x5A3130,
0x5A31A0,0x5A3200,0x5A3230,0x5A3270,0x5A32B0,0x5A32E0,0x5A3320,0x5A3350,0x5A3390,0x5A33C0,0x5A33D0,0x5A3400,
0x5A3420,0x5A3470,0x5A34C0,0x5A34F0,0x5A3500,0x5A3530,0x5A3580,0x5A3600,0x5A3660,0x5A3680,0x5A36D0,0x5A36E0,
0x5A3869,0x5A38F2,0x5A3970,0x5A39D0,0x5A3A20,0x5A3A30,0x5A3A40,0x5A8000,0x5A8050,0x5A8070,0x5A81A0,0x5A8270,
0x5A82CB,0x5A8300,0x5A8370,0x5A8390,0x5A83C0,0x5A83E0,0x5A8410,0x5A86E0,0x5A8720,0x5A8760,0x5A8800,0x5A8820,
0x5A8880,0x5A89B0,0x5A89C0,0x5A89E0,0x5A8A00,0x5A8A30,0x5A9550,0x5AC0F0,0x5AC240,0x5AC360,0x5AC3A0,0x5AC430,
0x5AC4A0,0x5AC590,0x5AC5C0,0x5AC620,0x5AC790,0x5AC980,0x5AC9A0,0x5AC9E0,0x5ACA00,0x5ACA20,0x5ACA60,0x5ACAD0,
0x5ACAF0,0x5ACB10,0x5ACB30,0x5ACB40,0x5ACBC0,0x5ACBE0,0x5ACC00,0x5ACC10,0x5ACC20,0x5ACC30,0x5ACC70,0x5ACC90,
0x5ACCB0,0x5ACCD0,0x5ACCF0,0x5ACD10,0x5ACD30,0x5ACD50,0x5ACDA0,0x5ACE00,0x5ACE30,0x5ACE60,0x5ACE70,0x5ACE90,
0x5ACF20,0x5ACF40,0x5ACF70,0x5ACFB0,0x5ACFC0,0x5AD030,0x5AD0A0,0x5AD0D0,0x5AD100,0x5AD210,0x5AD280,0x5AD370,
0x5AD490,0x5AD4D0,0x5AD510,0x5AD530,0x5AD6C0,0x5AD700,0x5AD720,0x5AD780,0x5AD870,0x5AD8D0,0x5AD930,0x5AD940,
0x5AD9F0,0x5ADA80,0x5ADB10,0x5ADB90,0x5ADBB0,0x5ADC30,0x5ADC70,0x5ADCB0,0x5ADCC0,0x5ADCD0,0x5ADCF0,0x5AE220,
0x5AE620,0x5AF030,0x5AF580,0x5AFBC0,0x5B0060,0x5B0740,0x5B0C00,0x5B0ED0,0x5B1190,0x5B13C0,0x5B13E0,0x5B1410,
0x5B1580,0x5B15B0,0x5B17D0,0x5B19E0,0x5B1A00,0x5B1A50,0x5B1A80,0x5B1AD0,0x5B1B10,0x5B1B50,0x5B1B90,0x5B1BD0,
0x5B1C10,0x5B1C60,0x5B1CB0,0x5B1D00,0x5B1D50,0x5B1DA0,0x5B1DF0,0x5B1E40,0x5B1E90,0x5B1EE0,0x5B1FA0,0x5B2480,
0x5B24A0,0x5B24D0,0x5B2550,0x5B2580,0x5B25D0,0x5B2610,0x5B2700,0x5B2710,0x5B2750,0x5B2830,0x5B2890,0x5B28E0,
0x5B2D20,0x5B2D40,0x5B2D50,0x5B2D60,0x5B2E50,0x5B2F20,0x5B2F60,0x5B37D0,0x5B39D0,0x5B3FD0,0x5B4050,0x5B4100,
0x5B4160,0x5B41B0,0x5B4200,0x5B4220,0x5B4280,0x5B4290,0x5B42C0,0x5B42D0,0x5B42E0,0x5B42F0,0x5B45D0,0x5B4640,
0x5B4660,0x5B4680,0x5B46A0,0x5B46C0,0x5B46D0,0x5B4700,0x5B4720,0x5B47D0,0x5B4800,0x5B4830,0x5B48F0,0x5B4A50,
0x5B4AD0,0x5B4AE0,0x5B4C00,0x5B4C10,0x5B4C50,0x5B4CC0,0x5B4EE0,0x5B4F20,0x5B4F60,0x5B5010,0x5B5030,0x5B5250,
0x5B5260,0x5B5270,0x5B5280,0x5B52A0,0x5B54B0,0x5B55C0,0x5B5630,0x5B5640,0x5B6370,0x5B7B40,0x5B7BB0,0x5B7BD0,
0x5B7C30,0x5B7DB0,0x5B7F10,0x5B7F90,0x5B7FB0,0x5B8014,0x5B801A,0x5B8020,0x5B8026,0x5B802C,0x5B8032,0x5B8038,
0x5B803E,0x5B8044,0x5B804A,0x5B8050,0x5B8056,0x5B805C,0x5B8062,0x5B8068,0x5B806E,0x5B8074,0x5B807A,0x5B8080,
0x5B8086,0x5B808C,0x5B8092,0x5B8098,0x5B809E,0x5B80A4,0x5B80AA,0x5B80B0,0x5B80B6,0x5B80BC,0x5B80C2,0x5B80C8,
0x5B80CE,0x5B80D4,0x5B80DA,0x5B80E0,0x5B80E6,0x5B80EC,0x5B80F2,0x5B80F8,0x5B80FE,0x5B812E,0x5B8140,0x5B8146,
0x5B818A,0x5B81D7,0x5B8210,0x5BF1B0,0x5C5310,0x5C8940,0x5C9030,0x5CA198,0x5D5F40,0x5DBFDB,0x5DF0A4,0x5E218A,
0x5E21B3,0x5E21D6,0x5E21F9,0x5E23D7,0x5E25C0,0x5E3630,0x5E3790,0x5E37A0,0x5E37B6,0x5E37CE,0x5E37D4,0x5E37E6,
0x5E37EC,0x5E3B10,0x5E3C48,0x5E3C4E,0x5E3C54,0x5E3C5A,0x5E3C60,0x5E3C66,0x5E3C6C,0x5E3C72,0x5E3C78,0x5E3C7E,
0x5E3C84,0x5E3E30,0x5E3E41,0x5E3E90,0x5E3E9C,0x5E3EA8,0x5E3EAE,0x5E3EBA,0x5E3EC0,0x5E3ED2,0x5E3F68,0x5E3F71,
0x5E3F84,0x5E3FA0,0x5E3FD6,0x5E404C,0x5E4052,0x5E4058,0x5E405E,0x5E4064,0x5E406A,0x5E4076,0x5E4080,0x5E40B2,
0x5E40B8,0x5E40BE,0x5E40D6,0x5E4134,0x5E417F,0x5E4197,0x5E41E4,0x5E41FC,0x5E4202,0x5E420E,0x5E4214,0x5E4220,
0x5E4226,0x5E422C,0x5E4232,0x5E4238,0x5E423E,0x5E4244,0x5E424A,0x5E4250,0x5E4256,0x5E4268,0x5E4274,0x5E427A,
0x5E4280,0x5E4286,0x5E428C,0x5E4292,0x5E4298,0x5E42A4,0x5E42B0,0x5E4374,0x5E4386,0x5E43A0,0x5E44A8,0x5E47C5,
0x5E47CF,0x5E47DE,0x5E47E4,0x5E47EA,0x5E47F0,0x5E47F6,0x5E47FC,0x5E4802,0x5E4808,0x5E480E,0x5E4814,0x5E481A,
0x5E4820,0x5E4826,0x5E482C,0x5E4832,0x5E4838,0x5E483E,0x5E4844,0x5E484A,0x5E4850,0x5E4856,0x5E485C,0x5E4862,
0x5E4868,0x5E486E,0x5E4874,0x5E487A,0x5E4880,0x5E4886,0x5E488C,0x5E4892,0x5E4898,0x5E489E,0x5E48A4,0x5E48AA,
0x5E48B0,0x5E48B6,0x5E48BC,0x5E48C2,0x5E48C8,0x5E48CE,0x5E48D4,0x5E48DA,0x5E48E0,0x5E48E6,0x5E48EC,0x5E48F2,
0x5E48FE,0x5E4904,0x5E4910,0x5E4955,0x5E498C,0x5E49DC,0x5E4A50,0x5E4A80,0x5E4AC0,0x5E4AF0,0x5E4B32,0x5E4B9E,
0x5E4BA4,0x5E4C18,0x5E4CAC,0x5E4DB0,0x5E4DB6,0x5E4DC8,0x5E4DFE,0x5E4E0A,0x5E4E10,0x5E4E16,0x5E4E1C,0x5E4E22,
0x5E4E28,0x5E4E2E,0x5E4E40,0x5E4E60,0x5E4E80,0x5E4E89,0x5E4E94,0x5E4E9F,0x5E4EC0,0x5E4EE0,0x5E4F00,0x5E4F09,
0x5E4F14,0x5E4F1F,0x5E4F40,0x5E4F48,0x5E4F56,0x5E4F64,0x5E4F6F,0x5E4F89,0x5E4F92,0x5E4F9B,0x5E4FA6,0x5E4FB1,
0x5E4FCB,0x5E4FD6,0x5E5000,0x5E5008,0x5E5016,0x5E5030,0x5E5050,0x5E5070,0x5E5080,0x5E50A0,0x5E50A9,0x5E50C0,
0x5E50D1,0x5E50F0,0x5E5100,0x5E5110,0x5E5120,0x5E5130,0x5E5140,0x5E5150,0x5E5159,0x5E5164,0x5E516F,0x5E517D,
0x5E518B,0x5E5199,0x5E51A8,0x5E51C0,0x5E51E0,0x5E51F0,0x5E51FB,0x5E5210,0x5E521B,0x5E5226,0x5E5231,0x5E523C,
0x5E5247,0x5E5260,0x5E5269,0x5E5271,0x5E527C,0x5E52A0,0x5E52C0,0x5E52C9,0x5E52D1,0x5E52F0,0x5E52F8,0x5E531F,
0x5E5340,0x5E5348,0x5E5351,0x5E535A,0x5E5370,0x5E5378,0x5E5383,0x5E53A0,0x5E53C0,0x5E53C9,0x5E53D1,0x5E53F0,
0x5E53FB,0x5E5415,0x5E542F,0x5E5438,0x5E5450,0x5E5470,0x5E5480,0x5E548E,0x5E54AE,0x5E54CE,0x5E54D7,0x5E54E0,
0x5E54E9,0x5E54F2,0x5E54FD,0x5E5508,0x5E5520,0x5E5540,0x5E5549,0x5E5551,0x5E555A,0x5E5566,0x5E556F,0x5E5578,
0x5E5580,0x5E5588,0x5E5591,0x5E559C,0x5E55A7,0x5E55C0,0x5E55C8,0x5E55EF,0x5E55FA,0x5E5608,0x5E5616,0x5E561E,
0x5E5640,0x5E5649,0x5E5651,0x5E565C,0x5E5667,0x5E5675,0x5E5690,0x5E5699,0x5E56A1,0x5E56AC,0x5E56B7,0x5E56D0,
0x5E56D9,0x5E56F0,0x5E570A,0x5E5715,0x5E572F,0x5E5749,0x5E5754,0x5E576E,0x5E5779,0x5E57A0,0x5E57BA,0x5E57C5,
0x5E57DF,0x5E57F9,0x5E5804,0x5E5820,0x5E5828,0x5E5837,0x5E5850,0x5E5858,0x5E5880,0x5E5888,0x5E58A0,0x5E58A8,
0x5E58E0,0x5E58EE,0x5E58FC,0x5E5908,0x5E5911,0x5E591F,0x5E5942,0x5E594E,0x5E595A,0x5E5968,0x5E5976,0x5E5999,
0x5E59A7,0x5E59CA,0x5E59D8,0x5E59FB,0x5E5A09,0x5E5A2C,0x5E5A3A,0x5E5A43,0x5E5A4C,0x5E5A55,0x5E5A61,0x5E5A6F,
0x5E5A7D,0x5E5A8B,0x5E5A97,0x5E5AA5,0x5E5AC8,0x5E5AD6,0x5E5AF9,0x5E5B07,0x5E5B2F,0x5E5B3D,0x5E5B65,0x5E5B73,
0x5E5B9B,0x5E5BA9,0x5E5BD1,0x5E5BDF,0x5E5C07,0x5E5C15,0x5E5C3D,0x5E5C4B,0x5E5C73,0x5E5C81,0x5E5CA9,0x5E5CB7,
0x5E5CF0,0x5E5CFB,0x5E5D07,0x5E5D15,0x5E5D38,0x5E5D5B,0x5E5D7E,0x5E5D8C,0x5E5DAF,0x5E5DD2,0x5E5DF5,0x5E5E03,
0x5E5E26,0x5E5E34,0x5E5E5C,0x5E5E6A,0x5E5E92,0x5E5EBA,0x5E5EE2,0x5E5EF0,0x5E5F30,0x5E5F38,0x5E5F50,0x5E5F5C,
0x5E5F67,0x5E5F78,0x5E5F86,0x5E5FC0,0x5E5FCC,0x5E5FF0,0x5E6010,0x5E601B,0x5E602A,0x5E6039,0x5E6045,0x5E6060,
0x5E6068,0x5E6080,0x5E60A0,0x5E60A9,0x5E60B2,0x5E60BB,0x5E60C4,0x5E60CD,0x5E60E0,0x5E6100,0x5E6120,0x5E6129,
0x5E6131,0x5E613A,0x5E6150,0x5E6158,0x5E6170,0x5E6190,0x5E6199,0x5E61A2,0x5E61C0,0x5E61E0,0x5E6200,0x5E6208,
0x5E6220,0x5E6240,0x5E6249,0x5E6254,0x5E6262,0x5E6270,0x5E627E,0x5E62B0,0x5E62D0,0x5E62D8,0x5E62E1,0x5E6300,
0x5E6308,0x5E6311,0x5E631A,0x5E6323,0x5E6340,0x5E6349,0x5E6352,0x5E6370,0x5E6379,0x5E6381,0x5E638C,0x5E63A0,
0x5E63A9,0x5E63B2,0x5E63BB,0x5E63C4,0x5E63E0,0x5E63E8,0x5E63F6,0x5E6410,0x5E6430,0x5E6439,0x5E6460,0x5E6480,
0x5E64A0,0x5E64C0,0x5E64C9,0x5E64D1,0x5E64DC,0x5E64E8,0x5E64F1,0x5E64F9,0x5E6502,0x5E650A,0x5E6516,0x5E6522,
0x5E652B,0x5E6537,0x5E6543,0x5E654F,0x5E655B,0x5E6567,0x5E6573,0x5E657F,0x5E658B,0x5E6597,0x5E65A3,0x5E65AF,
0x5E65BB,0x5E65C7,0x5E65D3,0x5E65DF,0x5E65EB,0x5E65F7,0x5E6603,0x5E660F,0x5E661B,0x5E6640,0x5E6648,0x5E6653,
0x5E6670,0x5E6678,0x5E6681,0x5E668C,0x5E66B0,0x5E66B8,0x5E66DF,0x5E6710,0x5E6718,0x5E6720,0x5E6728,0x5E6740,
0x5E6748,0x5E6753,0x5E675B,0x5E6763,0x5E676B,0x5E6780,0x5E6789,0x5E6791,0x5E679A,0x5E67A3,0x5E67AC,0x5E67B4,
0x5E67BD,0x5E67D0,0x5E67D8,0x5E67FF,0x5E680D,0x5E6830,0x5E6838,0x5E6840,0x5E6848,0x5E6850,0x5E6858,0x5E6860,
0x5E6868,0x5E6880,0x5E6889,0x5E6894,0x5E689F,0x5E68AA,0x5E68B5,0x5E68C0,0x5E68CB,0x5E68D6,0x5E68E1,0x5E68EC,
0x5E68F7,0x5E68FF,0x5E690A,0x5E6915,0x5E6920,0x5E692B,0x5E6936,0x5E6941,0x5E694C,0x5E6957,0x5E695F,0x5E6980,
0x5E6988,0x5E6990,0x5E6998,0x5E69B0,0x5E69B9,0x5E69C1,0x5E69CC,0x5E69DA,0x5E69E9,0x5E69F7,0x5E69FF,0x5E6A20,
0x5E6A2B,0x5E6A36,0x5E6A41,0x5E6A4C,0x5E6A57,0x5E6A62,0x5E6A80,0x5E6A89,0x5E6A91,0x5E6AB0,0x5E6ABB,0x5E6AC7,
0x5E6AD2,0x5E6ADE,0x5E6AE9,0x5E6AF4,0x5E6AFF,0x5E6B20,0x5E6B28,0x5E6B40,0x5E6B60,0x5E6B68,0x5E6B80,0x5E6BA0,
0x5E6BA8,0x5E6BCF,0x5E6C00,0x5E6C09,0x5E6C11,0x5E6C1C,0x5E6C27,0x5E6C32,0x5E6C3B,0x5E6C44,0x5E6C4D,0x5E6C56,
0x5E6C5F,0x5E6C68,0x5E6C80,0x5E6C88,0x5E6C91,0x5E6C9C,0x5E6CA7,0x5E6CB2,0x5E6CC0,0x5E6CCE,0x5E6CDC,0x5E6CEA,
0x5E6D10,0x5E6D18,0x5E6D3F,0x5E6D4A,0x5E6D55,0x5E6D63,0x5E6D71,0x5E6D7F,0x5E6D8D,0x5E6DB0,0x5E6DB8,0x5E6DC0,
0x5E6DE0,0x5E6DFD,0x5E6E20,0x5E6E40,0x5E6E49,0x5E6E60,0x5E6E69,0x5E6E80,0x5E6E88,0x5E6E93,0x5E6E9E,0x5E6EA9,
0x5E6ED0,0x5E6ED8,0x5E6EE3,0x5E6EEE,0x5E6EF9,0x5E6F07,0x5E6F20,0x5E6F2B,0x5E6F36,0x5E6F41,0x5E6F60,0x5E6F6B,
0x5E6F80,0x5E6F8B,0x5E6F96,0x5E6FB0,0x5E6FBB,0x5E6FC6,0x5E6FE0,0x5E6FE8,0x5E7000,0x5E700C,0x5E7018,0x5E7024,
0x5E7030,0x5E7050,0x5E7070,0x5E7078,0x5E7081,0x5E708C,0x5E7098,0x5E70B2,0x5E70D0,0x5E70D8,0x5E70FF,0x5E710B,
0x5E7130,0x5E7138,0x5E7150,0x5E7159,0x5E7170,0x5E7190,0x5E71A0,0x5E71B0,0x5E71D0,0x5E71D9,0x5E71E2,0x5E7200,
0x5E7208,0x5E7220,0x5E7240,0x5E7248,0x5E7271,0x5E7280,0x5E72A0,0x5E72A8,0x5E72C0,0x5E72C9,0x5E72D1,0x5E72DF,
0x5E72EE,0x5E72FC,0x5E7307,0x5E7321,0x5E732A,0x5E7335,0x5E734F,0x5E7358,0x5E7363,0x5E737D,0x5E7386,0x5E7391,
0x5E73AB,0x5E73B4,0x5E73BF,0x5E73D9,0x5E73E2,0x5E73ED,0x5E7407,0x5E7410,0x5E741B,0x5E7435,0x5E743E,0x5E7449,
0x5E7468,0x5E7471,0x5E747C,0x5E749B,0x5E74A4,0x5E74AF,0x5E74CE,0x5E74D7,0x5E74E2,0x5E7501,0x5E750A,0x5E7515,
0x5E7534,0x5E753D,0x5E7548,0x5E7567,0x5E7570,0x5E757B,0x5E759A,0x5E75B0,0x5E75BC,0x5E75E0,0x5E7600,0x5E7608,
0x5E7614,0x5E762A,0x5E7635,0x5E7650,0x5E7658,0x5E7664,0x5E7690,0x5E7699,0x5E76A5,0x5E76B1,0x5E76D0,0x5E76DB,
0x5E76E4,0x5E76F0,0x5E76F8,0x5E7701,0x5E770D,0x5E7720,0x5E7729,0x5E7735,0x5E773E,0x5E7747,0x5E7753,0x5E775C,
0x5E7768,0x5E7776,0x5E7782,0x5E778B,0x5E7794,0x5E77A0,0x5E77AC,0x5E77B5,0x5E77BE,0x5E77CA,0x5E77D6,0x5E77DF,
0x5E77E8,0x5E77F4,0x5E77FD,0x5E7806,0x5E7814,0x5E781D,0x5E7826,0x5E7832,0x5E783B,0x5E7844,0x5E784D,0x5E7859,
0x5E7862,0x5E786B,0x5E7890,0x5E78B0,0x5E78D0,0x5E78DC,0x5E7900,0x5E7920,0x5E7940,0x5E7960,0x5E7980,0x5E798F,
0x5E799D,0x5E79AB,0x5E79B6,0x5E79C2,0x5E79CE,0x5E79DA,0x5E79E6,0x5E79F2,0x5E79FB,0x5E7A04,0x5E7A10,0x5E7A1C,
0x5E7A25,0x5E7A2E,0x5E7A37,0x5E7A40,0x5E7A4E,0x5E7A80,0x5E7A8C,0x5E7A97,0x5E7AB0,0x5E7AD0,0x5E7AD8,0x5E7AF0,
0x5E7AFB,0x5E7B10,0x5E7B19,0x5E7B40,0x5E7B60,0x5E7B69,0x5E7B71,0x5E7B90,0x5E7B99,0x5E7BA2,0x5E7BAA,0x5E7BC3,
0x5E7BE0,0x5E7BE9,0x5E7BF1,0x5E7BF9,0x5E7C01,0x5E7C09,0x5E7C20,0x5E7C28,0x5E7C40,0x5E7C49,0x5E7C51,0x5E7C5C,
0x5E7C70,0x5E7C7C,0x5E7C88,0x5E7C94,0x5E7CA0,0x5E7CC0,0x5E7CC8,0x5E7CE0,0x5E7D00,0x5E7D20,0x5E7D28,0x5E7D40,
0x5E7D48,0x5E7D50,0x5E7D58,0x5E7D60,0x5E7D68,0x5E7D80,0x5E7D88,0x5E7D90,0x5E7D98,0x5E7DA0,0x5E7DC0,0x5E7DC8,
0x5E7DD0,0x5E7DF0,0x5E7DF8,0x5E7E20,0x5E7E28,0x5E7E30,0x5E7E3B,0x5E7E46,0x5E7E4E,0x5E7E59,0x5E7E64,0x5E7E6D,
0x5E7E79,0x5E7E81,0x5E7EA0,0x5E7EA8,0x5E7EC0,0x5E7EE0,0x5E7F00,0x5E7F20,0x5E7F2C,0x5E7F38,0x5E7F50,0x5E7F59,
0x5E7F70,0x5E7F7B,0x5E7F86,0x5E7F91,0x5E7F9C,0x5E7FA4,0x5E7FAC,0x5E7FB7,0x5E7FC2,0x5E7FCA,0x5E7FD5,0x5E7FDE,
0x5E7FEA,0x5E7FF3,0x5E8010,0x5E801C,0x5E8028,0x5E8034,0x5E8040,0x5E8049,0x5E8055,0x5E8061,0x5E806D,0x5E807B,
0x5E809D,0x5E80A9,0x5E80B4,0x5E80C2,0x5E80CE,0x5E80D7,0x5E80E0,0x5E8100,0x5E810E,0x5E8130,0x5E813C,0x5E8148,
0x5E8154,0x5E8160,0x5E816C,0x5E8177,0x5E8183,0x5E818F,0x5E819A,0x5E81A5,0x5E81B0,0x5E81BB,0x5E81C6,0x5E81CF,
0x5E81DA,0x5E81E8,0x5E81F6,0x5E8210,0x5E8218,0x5E8224,0x5E822D,0x5E8240,0x5E8248,0x5E8260,0x5E8270,0x5E8280,
0x5E8289,0x5E82A0,0x5E82AC,0x5E82B8,0x5E82C6,0x5E82D2,0x5E82F0,0x5E8300,0x5E8308,0x5E8313,0x5E831E,0x5E8340,
0x5E834C,0x5E8358,0x5E8364,0x5E836D,0x5E8379,0x5E8387,0x5E8393,0x5E839F,0x5E83AA,0x5E83B5,0x5E83BE,0x5E83C9,
0x5E83D4,0x5E83E0,0x5E8400,0x5E840B,0x5E8420,0x5E8428,0x5E8433,0x5E843E,0x5E844A,0x5E8458,0x5E8470,0x5E8478,
0x5E8490,0x5E84B0,0x5E84C0,0x5E84C9,0x5E84D1,0x5E84DF,0x5E84ED,0x5E84FB,0x5E8510,0x5E8518,0x5E8526,0x5E8534,
0x5E8550,0x5E8570,0x5E8578,0x5E8587,0x5E85A0,0x5E85A8,0x5E85B7,0x5E85C6,0x5E85CF,0x5E85D8,0x5E85F0,0x5E8600,
0x5E8609,0x5E8620,0x5E8640,0x5E8648,0x5E8660,0x5E8680,0x5E868B,0x5E8694,0x5E869D,0x5E86A6,0x5E86C0,0x5E86E0,
0x5E8700,0x5E8709,0x5E8711,0x5E871C,0x5E872A,0x5E8738,0x5E8746,0x5E8754,0x5E875D,0x5E8766,0x5E8780,0x5E8788,
0x5E8793,0x5E87A1,0x5E87AF,0x5E87D0,0x5E87DB,0x5E87F5,0x5E8800,0x5E8830,0x5E883C,0x5E8848,0x5E8854,0x5E885D,
0x5E8869,0x5E8877,0x5E8885,0x5E8893,0x5E88A1,0x5E88AF,0x5E88BB,0x5E88C7,0x5E88D5,0x5E88E3,0x5E88F1,0x5E88FF,
0x5E890D,0x5E891B,0x5E8929,0x5E8937,0x5E8945,0x5E8953,0x5E8961,0x5E8980,0x5E8989,0x5E8991,0x5E89C0,0x5E89C8,
0x5E89D1,0x5E89F0,0x5E89F9,0x5E8A01,0x5E8A20,0x5E8A29,0x5E8A31,0x5E8A39,0x5E8A50,0x5E8A5C,0x5E8A68,0x5E8A74,
0x5E8A80,0x5E8A8C,0x5E8A98,0x5E8AA4,0x5E8AAF,0x5E8ABB,0x5E8AC7,0x5E8AD2,0x5E8ADE,0x5E8AEA,0x5E8AF5,0x5E8B01,
0x5E8B20,0x5E8B28,0x5E8B31,0x5E8B39,0x5E8B41,0x5E8B4A,0x5E8B52,0x5E8B70,0x5E8B79,0x5E8B84,0x5E8B8D,0x5E8B98,
0x5E8BA0,0x5E8BA8,0x5E8BB0,0x5E8BB8,0x5E8BC0,0x5E8BC9,0x5E8BD2,0x5E8BDA,0x5E8BE2,0x5E8C00,0x5E8C08,0x5E8C31,
0x5E8C5A,0x5E8C83,0x5E8C91,0x5E8C9F,0x5E8CAE,0x5E8CBD,0x5E8CCC,0x5E8CF0,0x5E8D10,0x5E8D1B,0x5E8D30,0x5E8D3E,
0x5E8D4A,0x5E8D53,0x5E8D5E,0x5E8D80,0x5E8DA0,0x5E8DB0,0x5E8DD0,0x5E8DD9,0x5E8DE1,0x5E8DEF,0x5E8DFD,0x5E8E0B,
0x5E8E19,0x5E8E27,0x5E8E36,0x5E8E45,0x5E8E54,0x5E8E62,0x5E8E6E,0x5E8E7A,0x5E8E85,0x5E8E90,0x5E8E9E,0x5E8EC1,
0x5E8EE4,0x5E8EEF,0x5E8EFB,0x5E8F09,0x5E8F2C,0x5E8F38,0x5E8F44,0x5E8F4C,0x5E8F57,0x5E8F62,0x5E8F6D,0x5E8F79,
0x5E8F84,0x5E8F90,0x5E8F9E,0x5E8FAC,0x5E8FBA,0x5E8FE0,0x5E8FEB,0x5E8FF4,0x5E8FFD,0x5E9010,0x5E9018,0x5E9026,
0x5E9034,0x5E9042,0x5E9050,0x5E905E,0x5E906C,0x5E907A,0x5E9088,0x5E9096,0x5E90A4,0x5E90B2,0x5E90C1,0x5E90CF,
0x5E90DD,0x5E90E5,0x5E90F0,0x5E90FB,0x5E9106,0x5E9111,0x5E911C,0x5E9127,0x5E9132,0x5E913D,0x5E9148,0x5E9153,
0x5E915E,0x5E9169,0x5E9174,0x5E917F,0x5E918A,0x5E9195,0x5E91A0,0x5E91AC,0x5E91B8,0x5E91C3,0x5E91CE,0x5E91D9,
0x5E91E4,0x5E91F0,0x5E91FC,0x5E9207,0x5E9213,0x5E921F,0x5E922A,0x5E9235,0x5E9240,0x5E924B,0x5E9257,0x5E9263,
0x5E926E,0x5E9279,0x5E9284,0x5E928F,0x5E929B,0x5E92A7,0x5E92B2,0x5E92BE,0x5E92CA,0x5E92D5,0x5E92E0,0x5E92EB,
0x5E92F6,0x5E9302,0x5E930E,0x5E9319,0x5E9324,0x5E932F,0x5E933A,0x5E9346,0x5E9352,0x5E935D,0x5E9369,0x5E9375,
0x5E9380,0x5E938B,0x5E9396,0x5E93A1,0x5E93AD,0x5E93B9,0x5E93C4,0x5E93D2,0x5E93DD,0x5E93E8,0x5E93F3,0x5E93FE,
0x5E9409,0x5E9415,0x5E9421,0x5E942C,0x5E9438,0x5E9444,0x5E9452,0x5E945D,0x5E9469,0x5E9475,0x5E9480,0x5E948C,
0x5E9498,0x5E94A3,0x5E94AF,0x5E94D0,0x5E94D8,0x5E94E6,0x5E94F4,0x5E9502,0x5E9510,0x5E951E,0x5E952C,0x5E953A,
0x5E9548,0x5E9556,0x5E9564,0x5E9572,0x5E9581,0x5E958F,0x5E95B0,0x5E95B9,0x5E95D0,0x5E95D8,0x5E95F0,0x5E95F9,
0x5E9601,0x5E960A,0x5E9613,0x5E9630,0x5E9650,0x5E9658,0x5E9660,0x5E9680,0x5E9688,0x5E9690,0x5E96B0,0x5E96BB,
0x5E96D5,0x5E96EF,0x5E9720,0x5E9730,0x5E973C,0x5E9748,0x5E9753,0x5E975B,0x5E9766,0x5E976E,0x5E9779,0x5E9784,
0x5E978F,0x5E9797,0x5E97A5,0x5E97C8,0x5E97EA,0x5E97F8,0x5E981B,0x5E983D,0x5E984B,0x5E986E,0x5E9890,0x5E989E,
0x5E98C1,0x5E98E8,0x5E98F6,0x5E991E,0x5E9945,0x5E9951,0x5E995C,0x5E9964,0x5E9980,0x5E998C,0x5E9997,0x5E99A8,
0x5E99B9,0x5E99CA,0x5E99DB,0x5E99EC,0x5E99FD,0x5E9A0E,0x5E9A1F,0x5E9A30,0x5E9A41,0x5E9A52,0x5E9A63,0x5E9A74,
0x5E9A86,0x5E9AA0,0x5E9AA9,0x5E9AB1,0x5E9ABF,0x5E9ACD,0x5E9ADB,0x5E9AE9,0x5E9AF7,0x5E9B05,0x5E9B13,0x5E9B21,
0x5E9B2F,0x5E9B3D,0x5E9B4B,0x5E9B59,0x5E9B67,0x5E9B76,0x5E9B90,0x5E9B98,0x5E9BC1,0x5E9BEA,0x5E9C13,0x5E9C21,
0x5E9C2F,0x5E9C3D,0x5E9C4B,0x5E9C59,0x5E9C67,0x5E9C75,0x5E9C83,0x5E9C91,0x5E9C9F,0x5E9CC0,0x5E9CD0,0x5E9CD8,
0x5E9CE3,0x5E9CEE,0x5E9CF9,0x5E9D04,0x5E9D10,0x5E9D1C,0x5E9D27,0x5E9D32,0x5E9D3D,0x5E9D49,0x5E9D54,0x5E9D5F,
0x5E9D6A,0x5E9D75,0x5E9D80,0x5E9D8B,0x5E9D96,0x5E9DA1,0x5E9DAC,0x5E9DB8,0x5E9DC3,0x5E9DCB,0x5E9DD6,0x5E9DE2,
0x5E9DED,0x5E9DF5,0x5E9E00,0x5E9E08,0x5E9E2A,0x5E9E36,0x5E9E41,0x5E9E4C,0x5E9E57,0x5E9E62,0x5E9E6D,0x5E9E79,
0x5E9E84,0x5E9E8F,0x5E9E9A,0x5E9EA5,0x5E9EB0,0x5E9EBC,0x5E9ECA,0x5E9ED6,0x5E9EE2,0x5E9EEE,0x5E9EFA,0x5E9F06,
0x5E9F11,0x5E9F19,0x5E9F24,0x5E9F2F,0x5E9F3A,0x5E9F45,0x5E9F50,0x5E9F5B,0x5E9F67,0x5E9F72,0x5E9F7D,0x5E9F88,
0x5E9F93,0x5E9F9E,0x5E9FA9,0x5E9FB4,0x5E9FC2,0x5E9FCE,0x5E9FD9,0x5E9FE2,0x5E9FEB,0x5E9FF7,0x5EA003,0x5EA00E,
0x5EA01A,0x5EA026,0x5EA031,0x5EA03D,0x5EA060,0x5EA06B,0x5EA076,0x5EA07E,0x5EA086,0x5EA091,0x5EA09C,0x5EA0B0,
0x5EA0B8,0x5EA0C0,0x5EA0C8,0x5EA0D0,0x5EA0F0,0x5EA110,0x5EA118,0x5EA13F,0x5EA14B,0x5EA156,0x5EA161,0x5EA16C,
0x5EA190,0x5EA198,0x5EA1A0,0x5EA1C0,0x5EA1E0,0x5EA1F0,0x5EA210,0x5EA21B,0x5EA226,0x5EA22E,0x5EA239,0x5EA244,
0x5EA24F,0x5EA25A,0x5EA265,0x5EA26E,0x5EA277,0x5EA27F,0x5EA28A,0x5EA293,0x5EA29C,0x5EA2A7,0x5EA2C0,0x5EA2CB,
0x5EA2D9,0x5EA2E8,0x5EA2F6,0x5EA304,0x5EA312,0x5EA321,0x5EA32C,0x5EA338,0x5EA340,0x5EA348,0x5EA350,0x5EA359,
0x5EA370,0x5EA379,0x5EA381,0x5EA3A0,0x5EA3C0,0x5EA3D0,0x5EA410,0x5EA430,0x5EA439,0x5EA442,0x5EA460,0x5EA469,
0x5EA480,0x5EA48B,0x5EA4A0,0x5EA4A9,0x5EA4B1,0x5EA4D0,0x5EA4D8,0x5EA4F0,0x5EA4F9,0x5EA501,0x5EA50A,0x5EA512,
0x5EA520,0x5EA540,0x5EA548,0x5EA550,0x5EA570,0x5EA578,0x5EA590,0x5EA598,0x5EA5BF,0x5EA5CD,0x5EA5DB,0x5EA5E9,
0x5EA610,0x5EA61C,0x5EA628,0x5EA634,0x5EA640,0x5EA64C,0x5EA670,0x5EA678,0x5EA681,0x5EA68C,0x5EA69A,0x5EA6A8,
0x5EA6B6,0x5EA6D0,0x5EA6F0,0x5EA6FC,0x5EA708,0x5EA714,0x5EA720,0x5EA72C,0x5EA750,0x5EA770,0x5EA778,0x5EA783,
0x5EA7A0,0x5EA7B0,0x5EA7D0,0x5EA7E0,0x5EA7F0,0x5EA810,0x5EA818,0x5EA826,0x5EA840,0x5EA84B,0x5EA85C,0x5EA86D,
0x5EA879,0x5EA885,0x5EA890,0x5EA89C,0x5EA8A8,0x5EA8B3,0x5EA8BF,0x5EA8CB,0x5EA8D7,0x5EA8E2,0x5EA8EE,0x5EA8FC,
0x5EA907,0x5EA913,0x5EA91E,0x5EA92A,0x5EA935,0x5EA941,0x5EA94D,0x5EA970,0x5EA990,0x5EA998,0x5EA9A0,0x5EA9C0,
0x5EA9C9,0x5EA9E0,0x5EA9E8,0x5EAA00,0x5EAA20,0x5EAA28,0x5EAA33,0x5EAA3E,0x5EAA49,0x5EAA60,0x5EAA68,0x5EAAA0,
0x5EAAC0,0x5EAAC9,0x5EAAD1,0x5EAAF0,0x5EAAF8,0x5EAB03,0x5EAB20,0x5EAB30,0x5EAB40,0x5EAB60,0x5EAB80,0x5EABA0,
0x5EABC0,0x5EABE0,0x5EAC00,0x5EAC09,0x5EAC20,0x5EAC29,0x5EAC40,0x5EAC48,0x5EAC51,0x5EAC5A,0x5EAC63,0x5EAC6C,
0x5EAC80,0x5EACA0,0x5EACA9,0x5EACB4,0x5EACBD,0x5EACD0,0x5EACDE,0x5EAD00,0x5EAD0E,0x5EAD1C,0x5EAD2A,0x5EAD38,
0x5EAD46,0x5EAD60,0x5EAD6C,0x5EAD75,0x5EAD80,0x5EAD89,0x5EAD92,0x5EAD9B,0x5EADA9,0x5EADC0,0x5EADE0,0x5EAE00,
0x5EAE09,0x5EAE20,0x5EAE28,0x5EAE60,0x5EAE68,0x5EAE76,0x5EAE90,0x5EAEB0,0x5EAEB9,0x5EAEC2,0x5EAEE0,0x5EAEEB,
0x5EAEF7,0x5EAF00,0x5EAF09,0x5EAF12,0x5EAF30,0x5EAF38,0x5EAF5F,0x5EAF80,0x5EAF88,0x5EAF91,0x5EAFB0,0x5EAFD0,
0x5EAFD8,0x5EAFF0,0x5EAFF9,0x5EB005,0x5EB00E,0x5EB030,0x5EB040,0x5EB060,0x5EB080,0x5EB090,0x5EB0B0,0x5EB0B8,
0x5EB0DF,0x5EB0EA,0x5EB0F6,0x5EB110,0x5EB11C,0x5EB127,0x5EB135,0x5EB141,0x5EB14D,0x5EB158,0x5EB161,0x5EB16D,
0x5EB175,0x5EB17E,0x5EB1A0,0x5EB1A9,0x5EB1B1,0x5EB1BC,0x5EB1C7,0x5EB1D3,0x5EB1E1,0x5EB1EF,0x5EB210,0x5EB219,
0x5EB221,0x5EB22C,0x5EB237,0x5EB243,0x5EB251,0x5EB270,0x5EB278,0x5EB280,0x5EB288,0x5EB290,0x5EB298,0x5EB2A0,
0x5EB2C0,0x5EB2C8,0x5EB2D0,0x5EB2D8,0x5EB2E0,0x5EB2E8,0x5EB300,0x5EB308,0x5EB330,0x5EB33C,0x5EB348,0x5EB354,
0x5EB360,0x5EB369,0x5EB372,0x5EB390,0x5EB3B0,0x5EB3D0,0x5EB3D9,0x5EB3E4,0x5EB3ED,0x5EB3F6,0x5EB410,0x5EB419,
0x5EB421,0x5EB42F,0x5EB438,0x5EB443,0x5EB45D,0x5EB466,0x5EB471,0x5EB48B,0x5EB496,0x5EB4B0,0x5EB4BB,0x5EB4D5,
0x5EB4E0,0x5EB4FA,0x5EB505,0x5EB51F,0x5EB52A,0x5EB544,0x5EB54F,0x5EB56E,0x5EB579,0x5EB598,0x5EB5A3,0x5EB5C2,
0x5EB5CD,0x5EB5EC,0x5EB5F7,0x5EB616,0x5EB621,0x5EB640,0x5EB64B,0x5EB66A,0x5EB675,0x5EB694,0x5EB69F,0x5EB6BE,
0x5EB6C9,0x5EB6E8,0x5EB6F3,0x5EB712,0x5EB71D,0x5EB73C,0x5EB747,0x5EB766,0x5EB771,0x5EB790,0x5EB79B,0x5EB7D0,
0x5EB7D8,0x5EB7F0,0x5EB7F8,0x5EB810,0x5EB818,0x5EB850,0x5EB85B,0x5EB875,0x5EB87E,0x5EB887,0x5EB892,0x5EB89D,
0x5EB8A8,0x5EB8C2,0x5EB8CD,0x5EB8E7,0x5EB8F2,0x5EB90C,0x5EB917,0x5EB922,0x5EB92D,0x5EB938,0x5EB943,0x5EB94C,
0x5EB955,0x5EB970,0x5EB990,0x5EB9A0,0x5EB9C0,0x5EB9C8,0x5EB9E0,0x5EB9E8,0x5EB9F3,0x5EB9FE,0x5EBA06,0x5EBA20,
0x5EBA28,0x5EBA40,0x5EBA60,0x5EBA80,0x5EBA88,0x5EBA94,0x5EBAB0,0x5EBAB8,0x5EBAD0,0x5EBAD9,0x5EBAE4,0x5EBAED,
0x5EBB00,0x5EBB08,0x5EBB10,0x5EBB30,0x5EBB50,0x5EBB58,0x5EBB70,0x5EBB7B,0x5EBB86,0x5EBBA0,0x5EBBAB,0x5EBBD0,
0x5EBBDC,0x5EBBE7,0x5EBBF8,0x5EBC04,0x5EBC0D,0x5EBC16,0x5EBC1F,0x5EBC28,0x5EBC40,0x5EBC49,0x5EBC54,0x5EBC65,
0x5EBC73,0x5EBC96,0x5EBCA1,0x5EBCAA,0x5EBCB3,0x5EBCD0,0x5EBCD8,0x5EBCE1,0x5EBCE9,0x5EBCF2,0x5EBCFB,0x5EBD04,
0x5EBD0D,0x5EBD20,0x5EBD40,0x5EBD49,0x5EBD60,0x5EBD80,0x5EBDA0,0x5EBDC0,0x5EBDCC,0x5EBDD8,0x5EBDF0,0x5EBDF9,
0x5EBE10,0x5EBE20,0x5EBE30,0x5EBE40,0x5EBE50,0x5EBE60,0x5EBE80,0x5EBEA0,0x5EBEA8,0x5EBED0,0x5EBEDE,0x5EBEE9,
0x5EBF10,0x5EBF1B,0x5EBF30,0x5EBF3B,0x5EBF50,0x5EBF5B,0x5EBF70,0x5EBF7C,0x5EBF88,0x5EBF94,0x5EBFB0,0x5EBFD0,
0x5EBFF0,0x5EC010,0x5EC018,0x5EC023,0x5EC02E,0x5EC039,0x5EC048,0x5EC056,0x5EC064,0x5EC072,0x5EC090,0x5EC099,
0x5EC0A2,0x5EC0AA,0x5EC0B5,0x5EC0C0,0x5EC0CB,0x5EC0DA,0x5EC0E8,0x5EC0F6,0x5EC104,0x5EC112,0x5EC130,0x5EC139,
0x5EC141,0x5EC14C,0x5EC170,0x5EC178,0x5EC190,0x5EC199,0x5EC1A2,0x5EC1C0,0x5EC1D0,0x5EC1F0,0x5EC210,0x5EC219,
0x5EC221,0x5EC229,0x5EC234,0x5EC23C,0x5EC245,0x5EC260,0x5EC26B,0x5EC280,0x5EC2A0,0x5EC2A9,0x5EC2C0,0x5EC2D0,
0x5EC2D9,0x5EC2F0,0x5EC310,0x5EC330,0x5EC338,0x5EC350,0x5EC359,0x5EC362,0x5EC36A,0x5EC372,0x5EC37D,0x5EC385,
0x5EC38D,0x5EC395,0x5EC3B0,0x5EC3B9,0x5EC3C5,0x5EC3D1,0x5EC3DD,0x5EC400,0x5EC409,0x5EC415,0x5EC430,0x5EC439,
0x5EC442,0x5EC44A,0x5EC460,0x5EC470,0x5EC490,0x5EC4B0,0x5EC4D0,0x5EC4E0,0x5EC500,0x5EC510,0x5EC530,0x5EC550,
0x5EC570,0x5EC590,0x5EC5A0,0x5EC5C0,0x5EC5E0,0x5EC5F0,0x5EC600,0x5EC620,0x5EC640,0x5EC660,0x5EC680,0x5EC6A0,
0x5EC6B0,0x5EC6C0,0x5EC6E0,0x5EC6F0,0x5EC710,0x5EC730,0x5EC750,0x5EC770,0x5EC790,0x5EC7B0,0x5EC7D0,0x5EC7F0,
0x5EC810,0x5EC830,0x5EC838,0x5EC840,0x5EC848,0x5EC850,0x5EC858,0x5EC861,0x5EC880,0x5EC888,0x5EC890,0x5EC898,
0x5EC8A0,0x5EC8A8,0x5EC8C0,0x5EC8C9,0x5EC8E0,0x5EC8EB,0x5EC900,0x5EC908,0x5EC910,0x5EC918,0x5EC920,0x5EC92B,
0x5EC936,0x5EC941,0x5EC94A,0x5EC960,0x5EC96B,0x5EC976,0x5EC981,0x5EC98C,0x5EC997,0x5EC9A2,0x5EC9AD,0x5EC9B8,
0x5EC9C3,0x5EC9CF,0x5EC9DB,0x5EC9E7,0x5EC9F3,0x5EC9FE,0x5ECA0A,0x5ECA13,0x5ECA30,0x5ECA50,0x5ECA58,0x5ECA60,
0x5ECA68,0x5ECA70,0x5ECA7B,0x5ECA86,0x5ECA91,0x5ECA9A,0x5ECAB0,0x5ECAB8,0x5ECAC0,0x5ECAC8,0x5ECAD0,0x5ECAD8,
0x5ECAE3,0x5ECAEE,0x5ECAF9,0x5ECB04,0x5ECB0D,0x5ECB30,0x5ECB39,0x5ECB41,0x5ECB60,0x5ECB69,0x5ECB71,0x5ECB90,
0x5ECB9B,0x5ECBC0,0x5ECBE0,0x5ECC00,0x5ECC20,0x5ECC40,0x5ECC60,0x5ECC69,0x5ECC80,0x5ECC90,0x5ECCB0,0x5ECCB8,
0x5ECCD0,0x5ECCF0,0x5ECD10,0x5ECD18,0x5ECD23,0x5ECD2E,0x5ECD39,0x5ECD42,0x5ECD4D,0x5ECD58,0x5ECD63,0x5ECD6F,
0x5ECD7A,0x5ECD85,0x5ECD90,0x5ECD9B,0x5ECDA7,0x5ECDB2,0x5ECDBD,0x5ECDC8,0x5ECDD4,0x5ECDDD,0x5ECDE6,0x5ECE00,
0x5ECE08,0x5ECE13,0x5ECE1E,0x5ECE29,0x5ECE34,0x5ECE3F,0x5ECE4A,0x5ECE58,0x5ECE66,0x5ECE74,0x5ECE82,0x5ECE90,
0x5ECE9E,0x5ECEAC,0x5ECEBA,0x5ECEE0,0x5ECEE8,0x5ECEF0,0x5ECEFB,0x5ECF07,0x5ECF13,0x5ECF1E,0x5ECF29,0x5ECF34,
0x5ECF3F,0x5ECF4A,0x5ECF56,0x5ECF62,0x5ECF6A,0x5ECF75,0x5ECF80,0x5ECF88,0x5ECF93,0x5ECF9E,0x5ECFA7,0x5ECFB2,
0x5ECFBD,0x5ECFC8,0x5ECFD1,0x5ECFDD,0x5ECFE8,0x5ECFF4,0x5ED010,0x5ED019,0x5ED021,0x5ED029,0x5ED040,0x5ED060,
0x5ED080,0x5ED089,0x5ED091,0x5ED0B0,0x5ED0C1,0x5ED0E0,0x5ED0F1,0x5ED110,0x5ED130,0x5ED150,0x5ED159,0x5ED161,
0x5ED180,0x5ED1A0,0x5ED1A9,0x5ED1B5,0x5ED1C0,0x5ED1CC,0x5ED1D7,0x5ED1F0,0x5ED1F9,0x5ED205,0x5ED210,0x5ED21C,
0x5ED227,0x5ED236,0x5ED250,0x5ED259,0x5ED262,0x5ED280,0x5ED289,0x5ED2A0,0x5ED2C0,0x5ED2E0,0x5ED300,0x5ED320,
0x5ED330,0x5ED350,0x5ED370,0x5ED381,0x5ED3A0,0x5ED3C0,0x5ED3E0,0x5ED400,0x5ED420,0x5ED440,0x5ED460,0x5ED469,
0x5ED471,0x5ED490,0x5ED499,0x5ED4A1,0x5ED4C0,0x5ED4E0,0x5ED500,0x5ED520,0x5ED529,0x5ED532,0x5ED53D,0x5ED546,
0x5ED551,0x5ED55A,0x5ED568,0x5ED571,0x5ED57F,0x5ED58D,0x5ED59C,0x5ED5AA,0x5ED5D0,0x5ED5D9,0x5ED5E4,0x5ED5EF,
0x5ED5FD,0x5ED60B,0x5ED619,0x5ED628,0x5ED636,0x5ED650,0x5ED658,0x5ED670,0x5ED690,0x5ED6B0,0x5ED6D0,0x5ED6F0,
0x5ED710,0x5ED730,0x5ED739,0x5ED744,0x5ED752,0x5ED760,0x5ED76E,0x5ED790,0x5ED799,0x5ED7A4,0x5ED7C0,0x5ED7E0,
0x5ED7EB,0x5ED7F7,0x5ED803,0x5ED80E,0x5ED817,0x5ED822,0x5ED82D,0x5ED835,0x5ED83E,0x5ED860,0x5ED869,0x5ED871,
0x5ED879,0x5ED884,0x5ED8A0,0x5ED8A8,0x5ED8C0,0x5ED8C9,0x5ED8E0,0x5ED8E9,0x5ED8F4,0x5ED910,0x5ED930,0x5ED939,
0x5ED942,0x5ED94A,0x5ED952,0x5ED95D,0x5ED968,0x5ED971,0x5ED97C,0x5ED9A0,0x5ED9A8,0x5ED9C0,0x5ED9C8,0x5ED9D0,
0x5ED9D8,0x5ED9E0,0x5EDA00,0x5EDA10,0x5EDA30,0x5EDA3B,0x5EDA46,0x5EDA51,0x5EDA5C,0x5EDA67,0x5EDA72,0x5EDA90,
0x5EDAB0,0x5EDAD0,0x5EDAE0,0x5EDB00,0x5EDB0C,0x5EDB17,0x5EDB23,0x5EDB40,0x5EDB4B,0x5EDB60,0x5EDB80,0x5EDBA0,
0x5EDBC0,0x5EDBCB,0x5EDBD6,0x5EDBE2,0x5EDC00,0x5EDC20,0x5EDC40,0x5EDC4C,0x5EDC70,0x5EDC79,0x5EDC90,0x5EDC98,
0x5EDCA6,0x5EDCC0,0x5EDCC8,0x5EDCD6,0x5EDCF0,0x5EDCF8,0x5EDD07,0x5EDD15,0x5EDD20,0x5EDD29,0x5EDD40,0x5EDD48,
0x5EDD57,0x5EDD70,0x5EDD79,0x5EDD81,0x5EDD8A,0x5EDDA0,0x5EDDA9,0x5EDDB1,0x5EDDBC,0x5EDDD0,0x5EDDDB,0x5EDDE3,
0x5EDE00,0x5EDE08,0x5EDE20,0x5EDE29,0x5EDE31,0x5EDE3A,0x5EDE42,0x5EDE4B,0x5EDE54,0x5EDE5D,0x5EDE70,0x5EDE7C,
0x5EDE87,0x5EDE98,0x5EDEAA,0x5EDEB3,0x5EDEBC,0x5EDEC5,0x5EDED1,0x5EDEDC,0x5EDEE8,0x5EDEF4,0x5EDF00,0x5EDF20,
0x5EDF29,0x5EDF31,0x5EDF3F,0x5EDF60,0x5EDF68,0x5EDF80,0x5EDF88,0x5EDFA0,0x5EDFAB,0x5EDFBC,0x5EDFC8,0x5EDFD3,
0x5EDFDE,0x5EDFE9,0x5EDFF4,0x5EE000,0x5EE00C,0x5EE017,0x5EE022,0x5EE02D,0x5EE038,0x5EE043,0x5EE04E,0x5EE05A,
0x5EE066,0x5EE074,0x5EE097,0x5EE0B9,0x5EE0C7,0x5EE0EA,0x5EE10C,0x5EE11A,0x5EE13D,0x5EE15F,0x5EE16D,0x5EE179,
0x5EE185,0x5EE190,0x5EE19B,0x5EE1A6,0x5EE1B4,0x5EE1D0,0x5EE1F0,0x5EE1F8,0x5EE21F,0x5EE22B,0x5EE236,0x5EE250,
0x5EE258,0x5EE263,0x5EE26F,0x5EE27A,0x5EE290,0x5EE298,0x5EE2A3,0x5EE2AC,0x5EE2B5,0x5EE2BE,0x5EE2E0,0x5EE2E8,
0x5EE310,0x5EE31B,0x5EE327,0x5EE332,0x5EE33A,0x5EE345,0x5EE351,0x5EE35D,0x5EE369,0x5EE374,0x5EE37C,0x5EE387,
0x5EE392,0x5EE39D,0x5EE3A8,0x5EE3B3,0x5EE3BE,0x5EE3C9,0x5EE3D4,0x5EE3DF,0x5EE3EA,0x5EE3F5,0x5EE400,0x5EE40C,
0x5EE41A,0x5EE43D,0x5EE44B,0x5EE459,0x5EE465,0x5EE470,0x5EE47B,0x5EE486,0x5EE494,0x5EE4B7,0x5EE4D0,0x5EE4F0,
0x5EE4F8,0x5EE500,0x5EE520,0x5EE528,0x5EE533,0x5EE550,0x5EE559,0x5EE561,0x5EE580,0x5EE588,0x5EE5C0,0x5EE5C9,
0x5EE5D2,0x5EE5DA,0x5EE5E2,0x5EE5EA,0x5EE5F3,0x5EE5FC,0x5EE610,0x5EE630,0x5EE638,0x5EE650,0x5EE659,0x5EE665,
0x5EE66E,0x5EE677,0x5EE680,0x5EE68C,0x5EE6B0,0x5EE6B9,0x5EE6C1,0x5EE6E0,0x5EE6E8,0x5EE6F0,0x5EE6F8,0x5EE710,
0x5EE719,0x5EE722,0x5EE72E,0x5EE739,0x5EE744,0x5EE74F,0x5EE75A,0x5EE765,0x5EE770,0x5EE77C,0x5EE787,0x5EE792,
0x5EE79D,0x5EE7A6,0x5EE7B1,0x5EE7BC,0x5EE7C4,0x5EE7CF,0x5EE7F0,0x5EE7FB,0x5EE806,0x5EE811,0x5EE81C,0x5EE825,
0x5EE830,0x5EE83B,0x5EE846,0x5EE84F,0x5EE85A,0x5EE865,0x5EE86D,0x5EE878,0x5EE890,0x5EE898,0x5EE8B0,0x5EE8B8,
0x5EE8DF,0x5EE900,0x5EE90C,0x5EE918,0x5EE924,0x5EE92F,0x5EE93A,0x5EE945,0x5EE950,0x5EE95C,0x5EE968,0x5EE974,
0x5EE97F,0x5EE98B,0x5EE997,0x5EE9A3,0x5EE9C0,0x5EE9D0,0x5EE9E0,0x5EE9EB,0x5EEA00,0x5EEA20,0x5EEA40,0x5EEA49,
0x5EEA51,0x5EEA5C,0x5EEA67,0x5EEA72,0x5EEA7D,0x5EEAA0,0x5EEAC0,0x5EEAC9,0x5EEAD1,0x5EEADC,0x5EEAE7,0x5EEB00,
0x5EEB09,0x5EEB11,0x5EEB19,0x5EEB30,0x5EEB50,0x5EEB59,0x5EEB61,0x5EEB6C,0x5EEB75,0x5EEB90,0x5EEB98,0x5EEBD0,
0x5EEBF0,0x5EEC10,0x5EEC20,0x5EEC30,0x5EEC50,0x5EEC58,0x5EEC80,0x5EEC89,0x5EEC94,0x5EEC9F,0x5EECAA,0x5EECB5,
0x5EECC0,0x5EECCB,0x5EECD6,0x5EECE4,0x5EED00,0x5EED20,0x5EED29,0x5EED34,0x5EED3F,0x5EED4A,0x5EED55,0x5EED60,
0x5EED6B,0x5EED76,0x5EED84,0x5EED92,0x5EEDB0,0x5EEDB8,0x5EEDC3,0x5EEDD1,0x5EEDF0,0x5EEDF9,0x5EEE02,0x5EEE0B,
0x5EEE20,0x5EEE28,0x5EEE40,0x5EEE4E,0x5EEE59,0x5EEE65,0x5EEE71,0x5EEE7D,0x5EEEA0,0x5EEEA8,0x5EEEB3,0x5EEED0,
0x5EEEF0,0x5EEF00,0x5EEF20,0x5EEF30,0x5EEF50,0x5EEF70,0x5EEF80,0x5EEFA0,0x5EEFC0,0x5EEFE0,0x5EEFFF,0x5EF00B,
0x5EF017,0x5EF022,0x5EF02E,0x5EF03A,0x5EF046,0x5EF054,0x5EF060,0x5EF06C,0x5EF077,0x5EF082,0x5EF08D,0x5EF099,
0x5EF0A5,0x5EF0B0,0x5EF0BB,0x5EF0C6,0x5EF0D1,0x5EF0DC,0x5EF0E7,0x5EF0F2,0x5EF0FD,0x5EF108,0x5EF114,0x5EF120,
0x5EF12C,0x5EF138,0x5EF144,0x5EF150,0x5EF170,0x5EF190,0x5EF1A0,0x5EF1C0,0x5EF1C8,0x5EF1D3,0x5EF1F0,0x5EF1F8,
0x5EF200,0x5EF220,0x5EF228,0x5EF240,0x5EF24B,0x5EF254,0x5EF25D,0x5EF269,0x5EF272,0x5EF27B,0x5EF283,0x5EF28B,
0x5EF293,0x5EF29B,0x5EF2C0,0x5EF2E0,0x5EF2E9,0x5EF2F4,0x5EF2FD,0x5EF306,0x5EF314,0x5EF330,0x5EF339,0x5EF350,
0x5EF358,0x5EF366,0x5EF380,0x5EF38C,0x5EF398,0x5EF3A4,0x5EF3B0,0x5EF3BC,0x5EF3C8,0x5EF3E0,0x5EF3EC,0x5EF3F8,
0x5EF404,0x5EF410,0x5EF41C,0x5EF425,0x5EF431,0x5EF43D,0x5EF449,0x5EF460,0x5EF469,0x5EF472,0x5EF490,0x5EF49C,
0x5EF4A8,0x5EF4B1,0x5EF4BD,0x5EF4C9,0x5EF4E0,0x5EF4EB,0x5EF50B,0x5EF514,0x5EF530,0x5EF539,0x5EF542,0x5EF54E,
0x5EF570,0x5EF580,0x5EF5A0,0x5EF5C0,0x5EF5D0,0x5EF5F0,0x5EF5F8,0x5EF610,0x5EF620,0x5EF62C,0x5EF634,0x5EF650,
0x5EF670,0x5EF679,0x5EF690,0x5EF698,0x5EF6B0,0x5EF6B9,0x5EF6C1,0x5EF6CA,0x5EF6D2,0x5EF6F0,0x5EF6F9,0x5EF701,
0x5EF70A,0x5EF730,0x5EF738,0x5EF75F,0x5EF780,0x5EF788,0x5EF7C0,0x5EF7CB,0x5EF7DC,0x5EF7E7,0x5EF807,0x5EF827,
0x5EF847,0x5EF867,0x5EF872,0x5EF892,0x5EF8B2,0x5EF8D2,0x5EF8F7,0x5EF910,0x5EF919,0x5EF921,0x5EF92A,0x5EF935,
0x5EF94F,0x5EF970,0x5EF979,0x5EF981,0x5EF98F,0x5EF998,0x5EF9A3,0x5EF9AE,0x5EF9B7,0x5EF9D0,0x5EF9DC,0x5EF9E7,
0x5EF9F2,0x5EF9FD,0x5EFA08,0x5EFA11,0x5EFA1C,0x5EFA25,0x5EFA30,0x5EFA39,0x5EFA50,0x5EFA5C,0x5EFA67,0x5EFA73,
0x5EFA7F,0x5EFAA0,0x5EFAAC,0x5EFAB8,0x5EFAC1,0x5EFACA,0x5EFAE1,0x5EFAED,0x5EFAF8,0x5EFB04,0x5EFB10,0x5EFB1C,
0x5EFB2A,0x5EFB4D,0x5EFB70,0x5EFB93,0x5EFBB6,0x5EFBC4,0x5EFBE7,0x5EFC0A,0x5EFC2D,0x5EFC55,0x5EFC7D,0x5EFCA5,
0x5EFCCD,0x5EFCF5,0x5EFD30,0x5EFD38,0x5EFD43,0x5EFD51,0x5EFD5F,0x5EFD6D,0x5EFD90,0x5EFD98,0x5EFDBF,0x5EFDCD,
0x5EFDDB,0x5EFDE9,0x5EFE10,0x5EFE1E,0x5EFE41,0x5EFE4D,0x5EFE59,0x5EFE67,0x5EFE75,0x5EFE83,0x5EFE91,0x5EFE9F,
0x5EFEC2,0x5EFEE5,0x5EFF08,0x5EFF16,0x5EFF39,0x5EFF47,0x5EFF6A,0x5EFF78,0x5EFF9B,0x5EFFA9,0x5EFFD1,0x5EFFDF,
0x5EFFED,0x5EFFFB,0x5F0009,0x5F0031,0x5F003F,0x5F0067,0x5F0075,0x5F009D,0x5F00AB,0x5F00D3,0x5F00E1,0x5F0109,
0x5F0115,0x5F0121,0x5F012A,0x5F0133,0x5F014A,0x5F0156,0x5F0161,0x5F016D,0x5F0179,0x5F0185,0x5F0193,0x5F01BB,
0x5F01E3,0x5F020B,0x5F0233,0x5F0241,0x5F0269,0x5F0291,0x5F02B9,0x5F02E1,0x5F0309,0x5F0331,0x5F0359,0x5F0381,
0x5F03C0,0x5F03E0,0x5F03E9,0x5F03F1,0x5F03F9,0x5F0404,0x5F040C,0x5F0417,0x5F041F,0x5F0440,0x5F0449,0x5F0451,
0x5F045C,0x5F0464,0x5F046C,0x5F0474,0x5F0490,0x5F0498,0x5F04D0,0x5F04D9,0x5F04E4,0x5F04F5,0x5F0501,0x5F050A,
0x5F0518,0x5F0526,0x5F0545,0x5F0553,0x5F0570,0x5F057B,0x5F05A0,0x5F05B0,0x5F05E0,0x5F05E8,0x5F0600,0x5F0610,
0x5F0630,0x5F0650,0x5F0660,0x5F0668,0x5F0690,0x5F06B0,0x5F06D0,0x5F06F0,0x5F06F8,0x5F0710,0x5F0719,0x5F0722,
0x5F072A,0x5F0735,0x5F0740,0x5F074B,0x5F0756,0x5F0761,0x5F0780,0x5F0789,0x5F0791,0x5F079C,0x5F07C0,0x5F07C8,
0x5F0800,0x5F080B,0x5F0816,0x5F081F,0x5F0828,0x5F0833,0x5F0853,0x5F085E,0x5F087E,0x5F0889,0x5F0894,0x5F08B4,
0x5F08BF,0x5F08DF,0x5F08EA,0x5F090A,0x5F0915,0x5F0935,0x5F0940,0x5F0960,0x5F096B,0x5F0990,0x5F099B,0x5F09C0,
0x5F09CB,0x5F09F0,0x5F09FB,0x5F0A20,0x5F0A2B,0x5F0A50,0x5F0A5B,0x5F0A90,0x5F0A98,0x5F0AB0,0x5F0ABB,0x5F0AC9,
0x5F0AE0,0x5F0AE8,0x5F0B00,0x5F0B09,0x5F0B14,0x5F0B30,0x5F0B50,0x5F0B5B,0x5F0B66,0x5F0B6E,0x5F0B80,0x5F0B8E,
0x5F0BAE,0x5F0BCE,0x5F0BDC,0x5F0BFC,0x5F0C1B,0x5F0C23,0x5F0C2B,0x5F0C40,0x5F0C4C,0x5F0C58,0x5F0C64,0x5F0C70,
0x5F0C79,0x5F0C84,0x5F0C8F,0x5F0C9A,0x5F0CA2,0x5F0CC0,0x5F0CC8,0x5F0CEF,0x5F0CFA,0x5F0D05,0x5F0D13,0x5F0D21,
0x5F0D2F,0x5F0D3D,0x5F0D4B,0x5F0D59,0x5F0D67,0x5F0D80,0x5F0D90,0x5F0D99,0x5F0DA2,0x5F0DAA,0x5F0DC0,0x5F0DC9,
0x5F0DD5,0x5F0DE0,0x5F0DEB,0x5F0DF4,0x5F0DFC,0x5F0E10,0x5F0E19,0x5F0E22,0x5F0E40,0x5F0E4C,0x5F0E6F,0x5F0E7B,
0x5F0E87,0x5F0E92,0x5F0E9E,0x5F0EAA,0x5F0EB5,0x5F0EC0,0x5F0ECB,0x5F0ED3,0x5F0EDF,0x5F0EE7,0x5F0EEF,0x5F0EFA,
0x5F0F05,0x5F0F13,0x5F0F36,0x5F0F56,0x5F0F76,0x5F0F99,0x5F0FB0,0x5F0FBC,0x5F0FC8,0x5F0FD3,0x5F0FDE,0x5F0FE9,
0x5F0FF4,0x5F0FFF,0x5F100B,0x5F1016,0x5F1021,0x5F102C,0x5F1037,0x5F1042,0x5F104D,0x5F1058,0x5F1063,0x5F1071,
0x5F1091,0x5F10B1,0x5F10D1,0x5F10F1,0x5F10FC,0x5F1120,0x5F1129,0x5F1131,0x5F113C,0x5F1147,0x5F1152,0x5F115E,
0x5F116C,0x5F1178,0x5F1186,0x5F1194,0x5F11A2,0x5F11B0,0x5F11BE,0x5F11CC,0x5F11DA,0x5F11E5,0x5F11F0,0x5F1220,
0x5F1240,0x5F124C,0x5F1258,0x5F1264,0x5F1270,0x5F1279,0x5F1282,0x5F12A0,0x5F12C0,0x5F12CC,0x5F12D7,0x5F1300,
0x5F1310,0x5F1320,0x5F1330,0x5F1340,0x5F1350,0x5F1370,0x5F1390,0x5F1398,0x5F13C0,0x5F13C8,0x5F13F0,0x5F1410,
0x5F1419,0x5F1424,0x5F142D,0x5F1436,0x5F1450,0x5F1470,0x5F147C,0x5F1488,0x5F1494,0x5F14B0,0x5F14D0,0x5F14E0,
0x5F1500,0x5F1520,0x5F1530,0x5F153B,0x5F155E,0x5F156A,0x5F1575,0x5F1590,0x5F1598,0x5F15C0,0x5F15E0,0x5F15E8,
0x5F1610,0x5F1630,0x5F1650,0x5F1670,0x5F1690,0x5F169B,0x5F16A6,0x5F16B1,0x5F16BC,0x5F16C7,0x5F16D2,0x5F16E0,
0x5F16EE,0x5F1710,0x5F171B,0x5F1726,0x5F1731,0x5F173C,0x5F1747,0x5F1752,0x5F1770,0x5F177C,0x5F1787,0x5F1790,
0x5F1799,0x5F17B0,0x5F17BC,0x5F17C7,0x5F17D3,0x5F17DE,0x5F17EA,0x5F17F6,0x5F1801,0x5F180D,0x5F1830,0x5F1838,
0x5F1850,0x5F1858,0x5F1866,0x5F1890,0x5F189C,0x5F18A8,0x5F18B4,0x5F18D0,0x5F18DC,0x5F18EA,0x5F18F6,0x5F1902,
0x5F190E,0x5F191A,0x5F1926,0x5F1932,0x5F193E,0x5F194A,0x5F1956,0x5F1962,0x5F196E,0x5F197A,0x5F1986,0x5F1992,
0x5F19A0,0x5F19AE,0x5F19BC,0x5F19CA,0x5F19D8,0x5F19FB,0x5F1A1E,0x5F1A41,0x5F1A4F,0x5F1A5B,0x5F1A80,0x5F1A8C,
0x5F1A98,0x5F1AA4,0x5F1AB0,0x5F1ABC,0x5F1AC8,0x5F1AEB,0x5F1AF7,0x5F1B10,0x5F1B30,0x5F1B3B,0x5F1B43,0x5F1B60,
0x5F1B68,0x5F1BA0,0x5F1BAE,0x5F1BB9,0x5F1BC2,0x5F1BCB,0x5F1BD4,0x5F1BDD,0x5F1BE6,0x5F1C00,0x5F1C0E,0x5F1C1C,
0x5F1C27,0x5F1C30,0x5F1C39,0x5F1C42,0x5F1C4B,0x5F1C60,0x5F1C6C,0x5F1C75,0x5F1C7E,0x5F1C8A,0x5F1C96,0x5F1CB0,
0x5F1CB8,0x5F1CD0,0x5F1CD8,0x5F1CE1,0x5F1D00,0x5F1D0B,0x5F1D16,0x5F1D21,0x5F1D40,0x5F1D4B,0x5F1D56,0x5F1D70,
0x5F1D78,0x5F1D9F,0x5F1DAA,0x5F1DB8,0x5F1DD0,0x5F1DDB,0x5F1DE6,0x5F1DF4,0x5F1E17,0x5F1E25,0x5F1E48,0x5F1E53,
0x5F1E5E,0x5F1E6C,0x5F1E8F,0x5F1E9A,0x5F1EA5,0x5F1EB3,0x5F1ED6,0x5F1EE1,0x5F1EEC,0x5F1EF7,0x5F1F02,0x5F1F0D,
0x5F1F19,0x5F1F25,0x5F1F31,0x5F1F3D,0x5F1F48,0x5F1F54,0x5F1F60,0x5F1F6B,0x5F1F77,0x5F1F90,0x5F1F98,0x5F1FA0,
0x5F1FA8,0x5F1FB0,0x5F1FB9,0x5F1FC2,0x5F1FCB,0x5F1FD4,0x5F1FDD,0x5F1FE6,0x5F1FEF,0x5F1FF8,0x5F2001,0x5F200A,
0x5F2013,0x5F201C,0x5F2025,0x5F202E,0x5F2037,0x5F2050,0x5F2058,0x5F2060,0x5F2068,0x5F2070,0x5F2078,0x5F2090,
0x5F209B,0x5F20A7,0x5F20B3,0x5F20BF,0x5F20CA,0x5F20D5,0x5F20F0,0x5F20FC,0x5F2108,0x5F2114,0x5F211F,0x5F212A,
0x5F2140,0x5F214C,0x5F2157,0x5F2165,0x5F2173,0x5F2184,0x5F2195,0x5F21A6,0x5F21B1,0x5F21BC,0x5F21C7,0x5F21D5,
0x5F21F8,0x5F2203,0x5F2211,0x5F2234,0x5F223F,0x5F2247,0x5F2252,0x5F225D,0x5F2268,0x5F2273,0x5F2281,0x5F22A1,
0x5F22AC,0x5F22B7,0x5F22BF,0x5F22C7,0x5F22D2,0x5F22DD,0x5F22EB,0x5F230B,0x5F2316,0x5F2321,0x5F232C,0x5F2337,
0x5F2340,0x5F234C,0x5F2355,0x5F2361,0x5F236A,0x5F2373,0x5F2380,0x5F2390,0x5F239C,0x5F23C0,0x5F23E0,0x5F23F0,
0x5F2410,0x5F2418,0x5F2426,0x5F2434,0x5F2460,0x5F2469,0x5F2480,0x5F248B,0x5F249C,0x5F24AD,0x5F24C8,0x5F24D6,
0x5F24E4,0x5F24F0,0x5F24FC,0x5F2507,0x5F2515,0x5F2538,0x5F2544,0x5F2550,0x5F255E,0x5F2581,0x5F258D,0x5F25B0,
0x5F25B9,0x5F25C1,0x5F25C9,0x5F25D1,0x5F25D9,0x5F25E1,0x5F25E9,0x5F2600,0x5F2609,0x5F2612,0x5F2630,0x5F2639,
0x5F2650,0x5F2670,0x5F2680,0x5F268C,0x5F2697,0x5F26A2,0x5F26AD,0x5F26B8,0x5F26C3,0x5F26CF,0x5F26DB,0x5F2700,
0x5F2709,0x5F2720,0x5F2740,0x5F2750,0x5F2758,0x5F2761,0x5F2769,0x5F2771,0x5F277A,0x5F2782,0x5F278A,0x5F2792,
0x5F279A,0x5F27A2,0x5F27AA,0x5F27B2,0x5F27D0,0x5F27DB,0x5F27E6,0x5F27F1,0x5F27FC,0x5F2820,0x5F2830,0x5F283B,
0x5F2846,0x5F2851,0x5F285C,0x5F2867,0x5F2880,0x5F28A0,0x5F28B0,0x5F28D0,0x5F28E0,0x5F28EB,0x5F2900,0x5F290C,
0x5F2930,0x5F293B,0x5F2950,0x5F295B,0x5F2967,0x5F2972,0x5F297D,0x5F2988,0x5F2993,0x5F299B,0x5F29C0,0x5F29CC,
0x5F29D7,0x5F29F0,0x5F2A10,0x5F2A30,0x5F2A40,0x5F2A60,0x5F2A6B,0x5F2A80,0x5F2A8B,0x5F2A97,0x5F2AA2,0x5F2AAD,
0x5F2AB9,0x5F2AC4,0x5F2AE0,0x5F2AE8,0x5F2AF6,0x5F2B04,0x5F2B0F,0x5F2B40,0x5F2B48,0x5F2B60,0x5F2B68,0x5F2B80,
0x5F2BA0,0x5F2BA8,0x5F2BB1,0x5F2BBA,0x5F2BC8,0x5F2BEB,0x5F2BF7,0x5F2C05,0x5F2C24,0x5F2C32,0x5F2C40,0x5F2C4C,
0x5F2C5A,0x5F2C7D,0x5F2CA0,0x5F2CA8,0x5F2CC0,0x5F2CC8,0x5F2CD3,0x5F2CED,0x5F2CF6,0x5F2D10,0x5F2D18,0x5F2D23,
0x5F2D3D,0x5F2D46,0x5F2D60,0x5F2D68,0x5F2D7E,0x5F2D86,0x5F2DA0,0x5F2DB0,0x5F2DB8,0x5F2DD0,0x5F2DD8,0x5F2DF0,
0x5F2DF9,0x5F2E02,0x5F2E0B,0x5F2E13,0x5F2E1E,0x5F2E29,0x5F2E40,0x5F2E60,0x5F2E70,0x5F2E7B,0x5F2E86,0x5F2EA0,
0x5F2EC0,0x5F2EE0,0x5F2F00,0x5F2F20,0x5F2F30,0x5F2F40,0x5F2F60,0x5F2F70,0x5F2F78,0x5F2F90,0x5F2FB0,0x5F2FD0,
0x5F2FDB,0x5F2FF0,0x5F2FF8,0x5F3003,0x5F3020,0x5F3028,0x5F3040,0x5F3060,0x5F3080,0x5F3090,0x5F30B0,0x5F30C0,
0x5F30E0,0x5F30F0,0x5F3100,0x5F3110,0x5F3130,0x5F3150,0x5F3160,0x5F316B,0x5F3176,0x5F3181,0x5F31A0,0x5F31C0,
0x5F31C8,0x5F31D1,0x5F31DC,0x5F31E7,0x5F31F3,0x5F31FE,0x5F3209,0x5F3214,0x5F321F,0x5F322A,0x5F3235,0x5F3240,
0x5F324B,0x5F3256,0x5F3261,0x5F326C,0x5F3277,0x5F3282,0x5F328D,0x5F3298,0x5F32A3,0x5F32AE,0x5F32BA,0x5F32C5,
0x5F32D0,0x5F32DB,0x5F32E6,0x5F32F1,0x5F32FC,0x5F3308,0x5F3314,0x5F3320,0x5F332C,0x5F3338,0x5F3350,0x5F3358,
0x5F3370,0x5F3378,0x5F3390,0x5F339C,0x5F33B0,0x5F33D0,0x5F33E0,0x5F33E8,0x5F33F0,0x5F33F8,0x5F3400,0x5F3408,
0x5F3411,0x5F3430,0x5F3440,0x5F3448,0x5F3451,0x5F345A,0x5F3465,0x5F3470,0x5F347C,0x5F3487,0x5F3492,0x5F349D,
0x5F34A9,0x5F34B4,0x5F34BF,0x5F34CA,0x5F34D5,0x5F34E1,0x5F34EA,0x5F34F3,0x5F3510,0x5F3530,0x5F3550,0x5F3570,
0x5F3579,0x5F3581,0x5F358C,0x5F3597,0x5F35A2,0x5F35AD,0x5F35BB,0x5F35C9,0x5F35F0,0x5F35F8,0x5F361F,0x5F362A,
0x5F3640,0x5F3648,0x5F3660,0x5F3680,0x5F36A0,0x5F36A8,0x5F36B1,0x5F36D0,0x5F36F0,0x5F3709,0x5F3712,0x5F3730,
0x5F3739,0x5F3744,0x5F374F,0x5F3770,0x5F37B0,0x5F37B9,0x5F37D0,0x5F37F0,0x5F37F9,0x5F3802,0x5F380B,0x5F3816,
0x5F3821,0x5F3840,0x5F3860,0x5F3869,0x5F3871,0x5F387A,0x5F3890,0x5F3898,0x5F38A1,0x5F38AC,0x5F38B7,0x5F38C0,
0x5F38CB,0x5F38E0,0x5F38E9,0x5F38F2,0x5F3910,0x5F3918,0x5F3920,0x5F3940,0x5F3960,0x5F3970,0x5F3978,0x5F3980,
0x5F3988,0x5F3990,0x5F39B0,0x5F39C0,0x5F39C8,0x5F39F0,0x5F3A10,0x5F3A19,0x5F3A21,0x5F3A2C,0x5F3A37,0x5F3A42,
0x5F3A5C,0x5F3A65,0x5F3A80,0x5F3A88,0x5F3AA0,0x5F3AA8,0x5F3AE0,0x5F3AEE,0x5F3B10,0x5F3B1C,0x5F3B27,0x5F3B33,
0x5F3B50,0x5F3B59,0x5F3B61,0x5F3B6C,0x5F3B77,0x5F3B90,0x5F3B99,0x5F3BA1,0x5F3BAF,0x5F3BB8,0x5F3BD0,0x5F3BD8,
0x5F3C10,0x5F3C19,0x5F3C21,0x5F3C2C,0x5F3C50,0x5F3C59,0x5F3C70,0x5F3C78,0x5F3C9F,0x5F3CC0,0x5F3CC9,0x5F3CD4,
0x5F3CEE,0x5F3CF9,0x5F3D20,0x5F3D40,0x5F3D60,0x5F3D70,0x5F3D78,0x5F3D90,0x5F3DA0,0x5F3DA8,0x5F3DB0,0x5F3DB8,
0x5F3DC0,0x5F3DE0,0x5F3E00,0x5F3E10,0x5F3E18,0x5F3E30,0x5F3E40,0x5F3E60,0x5F3E68,0x5F3E80,0x5F3E8B,0x5F3E96,
0x5F3EA1,0x5F3EA9,0x5F3EB4,0x5F3EBD,0x5F3EC6,0x5F3ED1,0x5F3EDA,0x5F3EE3,0x5F3EEE,0x5F3EF6,0x5F3EFF,0x5F3F20,
0x5F3F28,0x5F3F33,0x5F3F3E,0x5F3F49,0x5F3F54,0x5F3F5F,0x5F3F6A,0x5F3F75,0x5F3F80,0x5F3F8B,0x5F3F99,0x5F3FA7,
0x5F3FB5,0x5F3FC3,0x5F3FD1,0x5F3FDF,0x5F3FED,0x5F3FFB,0x5F4009,0x5F4030,0x5F4050,0x5F4058,0x5F4063,0x5F406E,
0x5F4079,0x5F4084,0x5F408F,0x5F409A,0x5F40A5,0x5F40B0,0x5F40BB,0x5F40C9,0x5F40D7,0x5F40E5,0x5F40F3,0x5F4101,
0x5F410F,0x5F411D,0x5F412B,0x5F4150,0x5F4158,0x5F4166,0x5F4180,0x5F4188,0x5F4190,0x5F4198,0x5F41A0,0x5F41A8,
0x5F41B3,0x5F41BC,0x5F41C7,0x5F41D2,0x5F41F0,0x5F41F8,0x5F4203,0x5F420E,0x5F4216,0x5F4221,0x5F422C,0x5F4238,
0x5F4240,0x5F4248,0x5F4253,0x5F425E,0x5F4269,0x5F4274,0x5F4290,0x5F4298,0x5F42A6,0x5F42B4,0x5F42C2,0x5F42CA,
0x5F42E0,0x5F42E8,0x5F4311,0x5F4330,0x5F433C,0x5F4347,0x5F4358,0x5F4369,0x5F4371,0x5F4379,0x5F4382,0x5F4390,
0x5F43B3,0x5F43D6,0x5F43E2,0x5F43EA,0x5F43F8,0x5F4406,0x5F4412,0x5F4420,0x5F442E,0x5F4451,0x5F4470,0x5F4478,
0x5F4480,0x5F4488,0x5F4490,0x5F44B0,0x5F44B9,0x5F44D0,0x5F44DB,0x5F44E6,0x5F44F1,0x5F44FC,0x5F4507,0x5F450F,
0x5F451A,0x5F4522,0x5F4540,0x5F4549,0x5F4551,0x5F4570,0x5F4590,0x5F4598,0x5F45B0,0x5F45B8,0x5F45D0,0x5F45D8,
0x5F45E0,0x5F45E9,0x5F45F1,0x5F4610,0x5F4618,0x5F4620,0x5F4640,0x5F4650,0x5F4658,0x5F466E,0x5F467C,0x5F468A,
0x5F4698,0x5F46A6,0x5F46B4,0x5F46C2,0x5F46DA,0x5F46E8,0x5F46F6,0x5F4704,0x5F4712,0x5F4720,0x5F472E,0x5F473C,
0x5F474A,0x5F4770,0x5F4779,0x5F4781,0x5F4797,0x5F47A5,0x5F47B3,0x5F47C1,0x5F47CF,0x5F47DD,0x5F47EB,0x5F4803,
0x5F4811,0x5F481F,0x5F482D,0x5F483B,0x5F4849,0x5F4857,0x5F4870,0x5F4878,0x5F4883,0x5F488E,0x5F4896,0x5F48A1,
0x5F48AC,0x5F48B5,0x5F48BE,0x5F48C6,0x5F48CE,0x5F48D9,0x5F48E4,0x5F48ED,0x5F48F6,0x5F48FF,0x5F4908,0x5F4911,
0x5F491A,0x5F4923,0x5F4940,0x5F494C,0x5F4957,0x5F4962,0x5F496E,0x5F497A,0x5F4985,0x5F4991,0x5F499D,0x5F49A9,
0x5F49B5,0x5F49C1,0x5F49CD,0x5F49D8,0x5F49E4,0x5F49F0,0x5F49FC,0x5F4A08,0x5F4A14,0x5F4A20,0x5F4A2B,0x5F4A37,
0x5F4A50,0x5F4A5C,0x5F4A67,0x5F4A80,0x5F4A91,0x5F4AA2,0x5F4AB3,0x5F4AC4,0x5F4AD5,0x5F4AE6,0x5F4B01,0x5F4B12,
0x5F4B23,0x5F4B34,0x5F4B45,0x5F4B56,0x5F4B67,0x5F4B78,0x5F4B89,0x5F4B9A,0x5F4BA5,0x5F4BB0,0x5F4BBB,0x5F4BC6,
0x5F4BD1,0x5F4BDC,0x5F4BE7,0x5F4BF2,0x5F4BFD,0x5F4C08,0x5F4C13,0x5F4C1E,0x5F4C29,0x5F4C35,0x5F4C41,0x5F4C4C,
0x5F4C5A,0x5F4C7D,0x5F4CA0,0x5F4CC3,0x5F4CCE,0x5F4CDC,0x5F4CFF,0x5F4D0B,0x5F4D19,0x5F4D27,0x5F4D49,0x5F4D6C,
0x5F4D77,0x5F4D85,0x5F4DA7,0x5F4DCF,0x5F4DDA,0x5F4DE8,0x5F4E10,0x5F4E1C,0x5F4E28,0x5F4E34,0x5F4E40,0x5F4E4E,
0x5F4E76,0x5F4E81,0x5F4E8F,0x5F4EB7,0x5F4EC2,0x5F4ED0,0x5F4EF8,0x5F4F03,0x5F4F11,0x5F4F39,0x5F4F44,0x5F4F52,
0x5F4F7A,0x5F4F85,0x5F4F93,0x5F4FBB,0x5F4FC6,0x5F4FD4,0x5F4FFC,0x5F5007,0x5F5015,0x5F503D,0x5F5048,0x5F5056,
0x5F5062,0x5F506D,0x5F5078,0x5F5084,0x5F5090,0x5F509B,0x5F50A6,0x5F50B1,0x5F50BD,0x5F50C9,0x5F50D4,0x5F50E0,
0x5F50EC,0x5F50F7,0x5F5102,0x5F510D,0x5F5118,0x5F5123,0x5F512F,0x5F513B,0x5F5146,0x5F5152,0x5F515D,0x5F5169,
0x5F5175,0x5F5180,0x5F518C,0x5F5198,0x5F51A3,0x5F51AF,0x5F51BB,0x5F51C6,0x5F51D2,0x5F51F0,0x5F51F8,0x5F5200,
0x5F5208,0x5F5210,0x5F5230,0x5F5239,0x5F5250,0x5F5258,0x5F5260,0x5F5268,0x5F5270,0x5F5290,0x5F5298,0x5F52A0,
0x5F52A8,0x5F52B0,0x5F52B8,0x5F52D1,0x5F52EA,0x5F52F2,0x5F52FA,0x5F5310,0x5F5318,0x5F5326,0x5F5334,0x5F5354,
0x5F535D,0x5F5369,0x5F5374,0x5F5380,0x5F538C,0x5F5398,0x5F53B0,0x5F53BB,0x5F53C3,0x5F53CB,0x5F53D3,0x5F53DE,
0x5F53E7,0x5F53F3,0x5F53FF,0x5F540B,0x5F5416,0x5F5421,0x5F542D,0x5F5450,0x5F5458,0x5F5460,0x5F5468,0x5F5470,
0x5F5478,0x5F5491,0x5F54AA,0x5F54B2,0x5F54BA,0x5F54D0,0x5F54DB,0x5F54E7,0x5F54F3,0x5F54FF,0x5F550B,0x5F5517,
0x5F5523,0x5F552E,0x5F553A,0x5F5546,0x5F5552,0x5F555E,0x5F556A,0x5F5576,0x5F5582,0x5F558D,0x5F55B0,0x5F55B8,
0x5F55D0,0x5F55F0,0x5F5610,0x5F5630,0x5F563E,0x5F565E,0x5F566A,0x5F5689,0x5F56A8,0x5F56C7,0x5F56E6,0x5F5710,
0x5F5730,0x5F5738,0x5F5750,0x5F5758,0x5F5770,0x5F5790,0x5F5799,0x5F57A1,0x5F57AF,0x5F57BD,0x5F57CB,0x5F57D9,
0x5F57E7,0x5F57F5,0x5F5803,0x5F5811,0x5F581F,0x5F582D,0x5F583B,0x5F5849,0x5F5857,0x5F5865,0x5F5873,0x5F5881,
0x5F5890,0x5F589F,0x5F58AE,0x5F58BC,0x5F58CA,0x5F58D8,0x5F58E6,0x5F5900,0x5F5908,0x5F5931,0x5F593F,0x5F594D,
0x5F595B,0x5F5969,0x5F5977,0x5F5985,0x5F5993,0x5F59A1,0x5F59AF,0x5F59BD,0x5F59CB,0x5F59D9,0x5F59E7,0x5F59F5,
0x5F5A03,0x5F5A12,0x5F5A21,0x5F5A30,0x5F5A3E,0x5F5A4C,0x5F5A5A,0x5F5A68,0x5F5A76,0x5F5A90,0x5F5A9C,0x5F5AA4,
0x5F5AB2,0x5F5AC0,0x5F5ACE,0x5F5ADC,0x5F5AEA,0x5F5AF8,0x5F5B06,0x5F5B14,0x5F5B22,0x5F5B30,0x5F5B3E,0x5F5B4C,
0x5F5B5A,0x5F5B68,0x5F5B76,0x5F5B84,0x5F5B93,0x5F5BA2,0x5F5BB1,0x5F5BBF,0x5F5BCD,0x5F5BDB,0x5F5BE9,0x5F5BF7,
0x5F5C06,0x5F5C11,0x5F5C1C,0x5F5C28,0x5F5C34,0x5F5C3C,0x5F5C44,0x5F5C4C,0x5F5C57,0x5F5C62,0x5F5C6D,0x5F5C7B,
0x5F5C9E,0x5F5CC0,0x5F5CCE,0x5F5CF1,0x5F5D13,0x5F5D21,0x5F5D44,0x5F5D66,0x5F5D74,0x5F5D97,0x5F5DBE,0x5F5DCC,
0x5F5DF4,0x5F5E1B,0x5F5E29,0x5F5E51,0x5F5E78,0x5F5E86,0x5F5EAE,0x5F5ED5,0x5F5EE3,0x5F5F0B,0x5F5F32,0x5F5F40,
0x5F5F68,0x5F5F8F,0x5F5F9D,0x5F5FA9,0x5F5FB7,0x5F5FC3,0x5F5FCF,0x5F5FDB,0x5F5FE6,0x5F5FF1,0x5F5FFC,0x5F6007,
0x5F6012,0x5F601D,0x5F6025,0x5F6031,0x5F603C,0x5F6048,0x5F6054,0x5F605F,0x5F606A,0x5F6076,0x5F6081,0x5F608D,
0x5F6099,0x5F60A4,0x5F60AF,0x5F60BB,0x5F60C7,0x5F60D2,0x5F60DE,0x5F6100,0x5F610B,0x5F6117,0x5F6125,0x5F6133,
0x5F6156,0x5F6162,0x5F616B,0x5F6179,0x5F619C,0x5F61A8,0x5F61C0,0x5F61CB,0x5F61E5,0x5F6200,0x5F6209,0x5F6220,
0x5F6228,0x5F6233,0x5F623E,0x5F6246,0x5F6251,0x5F625C,0x5F6270,0x5F627B,0x5F6286,0x5F6291,0x5F629C,0x5F62C0,
0x5F62CB,0x5F62E5,0x5F62F0,0x5F630A,0x5F6315,0x5F6340,0x5F6349,0x5F6351,0x5F635A,0x5F6363,0x5F636C,0x5F6375,
0x5F637E,0x5F6386,0x5F63A0,0x5F63A8,0x5F63B0,0x5F63BB,0x5F63C3,0x5F63E0,0x5F63E8,0x5F63F3,0x5F63FB,0x5F6403,
0x5F6420,0x5F642B,0x5F6433,0x5F6450,0x5F6458,0x5F6460,0x5F6468,0x5F6480,0x5F64A0,0x5F64AC,0x5F64B8,0x5F64C4,
0x5F64E0,0x5F64E9,0x5F64F2,0x5F6510,0x5F6518,0x5F653F,0x5F654D,0x5F6565,0x5F6580,0x5F6588,0x5F6593,0x5F65A1,
0x5F65B9,0x5F65C7,0x5F65D5,0x5F65F0,0x5F65F8,0x5F6603,0x5F6620,0x5F662B,0x5F6636,0x5F6641,0x5F664C,0x5F6657,
0x5F6662,0x5F666D,0x5F667B,0x5F6689,0x5F6694,0x5F669F,0x5F66AA,0x5F66B5,0x5F66C0,0x5F66CE,0x5F66DC,0x5F66EA,
0x5F66F8,0x5F6706,0x5F6729,0x5F6734,0x5F673F,0x5F674A,0x5F6755,0x5F6760,0x5F676B,0x5F6776,0x5F6781,0x5F678F,
0x5F679B,0x5F67A9,0x5F67C0,0x5F67C8,0x5F67D1,0x5F67DA,0x5F67E3,0x5F67EC,0x5F67F5,0x5F67FE,0x5F6807,0x5F6810,
0x5F6840,0x5F6849,0x5F6851,0x5F6859,0x5F6864,0x5F686D,0x5F6880,0x5F6889,0x5F6891,0x5F68B0,0x5F68D0,0x5F68D8,
0x5F68E0,0x5F68E8,0x5F6900,0x5F690E,0x5F6917,0x5F6922,0x5F692D,0x5F6935,0x5F6940,0x5F694B,0x5F6953,0x5F695E,
0x5F6969,0x5F6971,0x5F6979,0x5F6981,0x5F698F,0x5F69C0,0x5F69C8,0x5F69E0,0x5F69E8,0x5F69F3,0x5F69FE,0x5F6A09,
0x5F6A14,0x5F6A20,0x5F6A2B,0x5F6A36,0x5F6A41,0x5F6A4C,0x5F6A5A,0x5F6A68,0x5F6A90,0x5F6AB0,0x5F6AB8,0x5F6AC3,
0x5F6ACE,0x5F6AD9,0x5F6AE4,0x5F6AF0,0x5F6AFB,0x5F6B06,0x5F6B11,0x5F6B1C,0x5F6B2A,0x5F6B38,0x5F6B46,0x5F6B60,
0x5F6B69,0x5F6B80,0x5F6B88,0x5F6B90,0x5F6B98,0x5F6BA0,0x5F6BA8,0x5F6BC0,0x5F6BC8,0x5F6BD0,0x5F6BD8,0x5F6BF0,
0x5F6C10,0x5F6C18,0x5F6C30,0x5F6C38,0x5F6C50,0x5F6C70,0x5F6C78,0x5F6C90,0x5F6C98,0x5F6CA6,0x5F6CB4,0x5F6CC2,
0x5F6CE0,0x5F6D00,0x5F6D09,0x5F6D11,0x5F6D1F,0x5F6D2D,0x5F6D3B,0x5F6D49,0x5F6D52,0x5F6D5B,0x5F6D63,0x5F6D6E,
0x5F6D79,0x5F6D81,0x5F6DA0,0x5F6DA8,0x5F6DB1,0x5F6DD0,0x5F6DF0,0x5F6DF8,0x5F6E01,0x5F6E0C,0x5F6E15,0x5F6E30,
0x5F6E38,0x5F6E70,0x5F6E78,0x5F6E83,0x5F6E8E,0x5F6E99,0x5F6EA4,0x5F6EC0,0x5F6EC8,0x5F6ED3,0x5F6EDE,0x5F6EE9,
0x5F6EF4,0x5F6EFF,0x5F6F20,0x5F6F2B,0x5F6F34,0x5F6F3F,0x5F6F60,0x5F6F68,0x5F6F91,0x5F6FAB,0x5F6FC5,0x5F6FE0,
0x5F6FE9,0x5F6FF1,0x5F6FFF,0x5F7019,0x5F7033,0x5F7050,0x5F705B,0x5F7075,0x5F707E,0x5F70A0,0x5F70A8,0x5F70C0,
0x5F70C8,0x5F70E0,0x5F70E8,0x5F7100,0x5F7109,0x5F7111,0x5F711D,0x5F7128,0x5F7140,0x5F7149,0x5F7151,0x5F7159,
0x5F7161,0x5F7180,0x5F7188,0x5F7194,0x5F719F,0x5F71C0,0x5F71E0,0x5F71E8,0x5F71F3,0x5F7210,0x5F721E,0x5F7240,
0x5F724C,0x5F7257,0x5F7265,0x5F7274,0x5F7280,0x5F728C,0x5F729A,0x5F72A8,0x5F72CB,0x5F72D7,0x5F72E3,0x5F72EE,
0x5F7310,0x5F7319,0x5F7322,0x5F732A,0x5F7338,0x5F7346,0x5F734F,0x5F7370,0x5F7378,0x5F73A1,0x5F73E0,0x5F73E9,
0x5F73F1,0x5F73F9,0x5F7401,0x5F7409,0x5F7411,0x5F741C,0x5F742A,0x5F744D,0x5F7459,0x5F7461,0x5F746F,0x5F7492,
0x5F74B0,0x5F74D0,0x5F74D9,0x5F74E1,0x5F74EF,0x5F74FD,0x5F750B,0x5F7519,0x5F7527,0x5F7532,0x5F753D,0x5F7546,
0x5F7551,0x5F755A,0x5F7563,0x5F756C,0x5F7577,0x5F7580,0x5F75A0,0x5F75A8,0x5F75D1,0x5F75DF,0x5F75ED,0x5F75FB,
0x5F7620,0x5F7629,0x5F7632,0x5F763B,0x5F7650,0x5F7658,0x5F7661,0x5F766C,0x5F7686,0x5F7695,0x5F76A0,0x5F76AB,
0x5F76B4,0x5F76D0,0x5F76D8,0x5F76FF,0x5F7719,0x5F7740,0x5F7748,0x5F775F,0x5F776B,0x5F7776,0x5F7781,0x5F77A0,
0x5F77A8,0x5F77BF,0x5F77E0,0x5F77E9,0x5F77F2,0x5F77FD,0x5F7810,0x5F7830,0x5F7839,0x5F7841,0x5F7860,0x5F7880,
0x5F7888,0x5F7893,0x5F78B0,0x5F78B8,0x5F78F0,0x5F78F9,0x5F7910,0x5F7919,0x5F7921,0x5F792F,0x5F7950,0x5F7970,
0x5F7980,0x5F7990,0x5F79A0,0x5F79C0,0x5F79D0,0x5F79F0,0x5F79FB,0x5F7A04,0x5F7A0D,0x5F7A20,0x5F7A31,0x5F7A50,
0x5F7A58,0x5F7A66,0x5F7A80,0x5F7A88,0x5F7AA0,0x5F7AB1,0x5F7AD0,0x5F7ADC,0x5F7B00,0x5F7B20,0x5F7B40,0x5F7B60,
0x5F7B6E,0x5F7B79,0x5F7B84,0x5F7B8F,0x5F7BB2,0x5F7BBE,0x5F7BC9,0x5F7BD5,0x5F7BF0,0x5F7C10,0x5F7C19,0x5F7C21,
0x5F7C40,0x5F7C49,0x5F7C51,0x5F7C5F,0x5F7C6D,0x5F7C7B,0x5F7C89,0x5F7C97,0x5F7CA5,0x5F7CB3,0x5F7CD0,0x5F7CD8,
0x5F7CF0,0x5F7CF8,0x5F7D21,0x5F7D4A,0x5F7D73,0x5F7D9C,0x5F7DAA,0x5F7DB8,0x5F7DC6,0x5F7DE0,0x5F7E00,0x5F7E09,
0x5F7E12,0x5F7E30,0x5F7E38,0x5F7E40,0x5F7E48,0x5F7E60,0x5F7E71,0x5F7E90,0x5F7EA1,0x5F7EC0,0x5F7ECC,0x5F7ED7,
0x5F7EE8,0x5F7EF9,0x5F7F0A,0x5F7F1B,0x5F7F2C,0x5F7F3D,0x5F7F4E,0x5F7F5F,0x5F7F6B,0x5F7F76,0x5F7F81,0x5F7F8D,
0x5F7F99,0x5F7FA4,0x5F7FAF,0x5F7FBA,0x5F7FC5,0x5F7FD0,0x5F7FDC,0x5F7FE7,0x5F7FF2,0x5F7FFD,0x5F8009,0x5F8015,
0x5F8023,0x5F8046,0x5F8068,0x5F8076,0x5F8099,0x5F80BB,0x5F80C9,0x5F80D5,0x5F80E1,0x5F80EC,0x5F80F7,0x5F8102,
0x5F8110,0x5F8130,0x5F8150,0x5F8159,0x5F8161,0x5F816A,0x5F8172,0x5F817A,0x5F8182,0x5F818B,0x5F8193,0x5F81B0,
0x5F81B9,0x5F81C2,0x5F81CA,0x5F81D8,0x5F81E6,0x5F81EF,0x5F8210,0x5F8218,0x5F8241,0x5F8280,0x5F8288,0x5F82AF,
0x5F82E0,0x5F82E8,0x5F8300,0x5F830C,0x5F8317,0x5F8328,0x5F8333,0x5F833E,0x5F834A,0x5F8355,0x5F8360,0x5F836B,
0x5F8376,0x5F8381,0x5F838D,0x5F839B,0x5F83A3,0x5F83AE,0x5F83B9,0x5F83C7,0x5F83E0,0x5F8400,0x5F8409,0x5F8412,
0x5F841B,0x5F8423,0x5F8431,0x5F843F,0x5F844D,0x5F845B,0x5F8469,0x5F8474,0x5F847C,0x5F8484,0x5F848C,0x5F8497,
0x5F84A0,0x5F84AB,0x5F84C0,0x5F84C8,0x5F84F1,0x5F851A,0x5F8528,0x5F8536,0x5F8550,0x5F855B,0x5F8566,0x5F8571,
0x5F857C,0x5F8587,0x5F8593,0x5F859F,0x5F85A7,0x5F85AF,0x5F85B7,0x5F85BF,0x5F85CA,0x5F85D5,0x5F85E0,0x5F85E8,
0x5F85F3,0x5F85FE,0x5F8610,0x5F861B,0x5F8626,0x5F8632,0x5F863E,0x5F864A,0x5F8655,0x5F8660,0x5F866B,0x5F8676,
0x5F8681,0x5F868D,0x5F8699,0x5F86A5,0x5F86C0,0x5F86C9,0x5F86D1,0x5F86DF,0x5F86ED,0x5F86FB,0x5F8709,0x5F8717,
0x5F8720,0x5F8728,0x5F8730,0x5F873B,0x5F8746,0x5F8751,0x5F8770,0x5F8778,0x5F8790,0x5F8798,0x5F87C1,0x5F87CF,
0x5F87DD,0x5F87EB,0x5F87F9,0x5F8820,0x5F8829,0x5F8831,0x5F883F,0x5F884D,0x5F885B,0x5F8869,0x5F8877,0x5F8885,
0x5F8891,0x5F889D,0x5F88A5,0x5F88AD,0x5F88B5,0x5F88BD,0x5F88C8,0x5F88D6,0x5F88F9,0x5F891B,0x5F8929,0x5F894C,
0x5F896E,0x5F8979,0x5F8981,0x5F898C,0x5F8997,0x5F89A5,0x5F89B1,0x5F89D0,0x5F89F0,0x5F89FC,0x5F8A04,0x5F8A0D,
0x5F8A19,0x5F8A30,0x5F8A38,0x5F8A50,0x5F8A59,0x5F8A61,0x5F8A6A,0x5F8A73,0x5F8A7C,0x5F8A85,0x5F8A8E,0x5F8A97,
0x5F8AA0,0x5F8AA9,0x5F8AB2,0x5F8ABB,0x5F8AC4,0x5F8ACD,0x5F8AD6,0x5F8ADE,0x5F8AF0,0x5F8AFB,0x5F8B04,0x5F8B20,
0x5F8B2B,0x5F8B33,0x5F8B3B,0x5F8B43,0x5F8B4B,0x5F8B53,0x5F8B5B,0x5F8B63,0x5F8B6B,0x5F8B80,0x5F8B8E,0x5F8B99,
0x5F8BA5,0x5F8BC0,0x5F8BCB,0x5F8BD4,0x5F8BF0,0x5F8BFB,0x5F8C04,0x5F8C20,0x5F8C28,0x5F8C33,0x5F8C3B,0x5F8C50,
0x5F8C5B,0x5F8C66,0x5F8C80,0x5F8C8C,0x5F8CB0,0x5F8CB8,0x5F8CD0,0x5F8CF0,0x5F8CF9,0x5F8D01,0x5F8D20,0x5F8D2B,
0x5F8D40,0x5F8D4B,0x5F8D56,0x5F8D61,0x5F8D6C,0x5F8D77,0x5F8D82,0x5F8D8D,0x5F8D98,0x5F8DA3,0x5F8DAE,0x5F8DB9,
0x5F8DC4,0x5F8DCF,0x5F8DDA,0x5F8DE5,0x5F8DF0,0x5F8DFB,0x5F8E06,0x5F8E11,0x5F8E1C,0x5F8E27,0x5F8E32,0x5F8E3D,
0x5F8E48,0x5F8E53,0x5F8E5E,0x5F8E69,0x5F8E74,0x5F8E7F,0x5F8E8A,0x5F8E95,0x5F8EA0,0x5F8EAB,0x5F8EB6,0x5F8EC1,
0x5F8ECC,0x5F8ED7,0x5F8EE2,0x5F8EED,0x5F8EF8,0x5F8F03,0x5F8F0E,0x5F8F19,0x5F8F30,0x5F8F3C,0x5F8F47,0x5F8F4F,
0x5F8F5A,0x5F8F63,0x5F8F6F,0x5F8F7D,0x5F8F90,0x5F8F9B,0x5F8FA6,0x5F8FB1,0x5F8FBC,0x5F8FC8,0x5F8FD3,0x5F8FDE,
0x5F8FE9,0x5F8FF5,0x5F9003,0x5F9026,0x5F9049,0x5F9054,0x5F905F,0x5F906A,0x5F9078,0x5F909B,0x5F90BE,0x5F90C9,
0x5F90D4,0x5F90E0,0x5F90EB,0x5F90F6,0x5F9101,0x5F910F,0x5F9132,0x5F9160,0x5F9168,0x5F9170,0x5F917B,0x5F9186,
0x5F918E,0x5F9199,0x5F91A4,0x5F91AD,0x5F91B9,0x5F91C4,0x5F91CF,0x5F91DA,0x5F91F0,0x5F91F8,0x5F9200,0x5F9220,
0x5F922E,0x5F9239,0x5F9241,0x5F9249,0x5F9254,0x5F925F,0x5F9267,0x5F926F,0x5F9277,0x5F9282,0x5F928E,0x5F9296,
0x5F92A2,0x5F92AE,0x5F92D0,0x5F92F0,0x5F92FC,0x5F930A,0x5F9315,0x5F9323,0x5F932E,0x5F933A,0x5F9345,0x5F9350,
0x5F935B,0x5F9366,0x5F936F,0x5F937B,0x5F9387,0x5F9392,0x5F939D,0x5F93A8,0x5F93B3,0x5F93D0,0x5F93D8,0x5F93E6,
0x5F93F4,0x5F9402,0x5F9410,0x5F941E,0x5F942D,0x5F943B,0x5F9449,0x5F9458,0x5F9466,0x5F9475,0x5F947D,0x5F9485,
0x5F94A0,0x5F94A8,0x5F94B6,0x5F94C4,0x5F94D2,0x5F94E0,0x5F94EE,0x5F94FD,0x5F950B,0x5F9519,0x5F9528,0x5F9536,
0x5F9550,0x5F9558,0x5F9566,0x5F9574,0x5F9582,0x5F9590,0x5F959E,0x5F95AD,0x5F95BB,0x5F95C9,0x5F95D8,0x5F95E6,
0x5F95F5,0x5F9610,0x5F961E,0x5F9629,0x5F9634,0x5F963F,0x5F964A,0x5F9655,0x5F9660,0x5F966E,0x5F9691,0x5F96B4,
0x5F96D7,0x5F96E5,0x5F9708,0x5F972B,0x5F9739,0x5F9747,0x5F9755,0x5F9761,0x5F976F,0x5F977D,0x5F978B,0x5F9796,
0x5F97A2,0x5F97AE,0x5F97BA,0x5F97C5,0x5F97D0,0x5F97DB,0x5F97E6,0x5F97F1,0x5F97FC,0x5F9808,0x5F9813,0x5F981E,
0x5F9829,0x5F9834,0x5F983F,0x5F984A,0x5F9856,0x5F9862,0x5F9870,0x5F987E,0x5F988C,0x5F98AF,0x5F98BA,0x5F98C8,
0x5F98D6,0x5F98E1,0x5F98EC,0x5F98F7,0x5F9902,0x5F9910,0x5F991E,0x5F992C,0x5F9938,0x5F9950,0x5F9959,0x5F9964,
0x5F9970,0x5F997C,0x5F9988,0x5F9993,0x5F999F,0x5F99AD,0x5F99BB,0x5F99C6,0x5F99D4,0x5F99E0,0x5F99EC,0x5F99FA,
0x5F9A1D,0x5F9A2B,0x5F9A39,0x5F9A44,0x5F9A4F,0x5F9A5A,0x5F9A65,0x5F9A70,0x5F9A7B,0x5F9A87,0x5F9A93,0x5F9A9F,
0x5F9AAD,0x5F9AB8,0x5F9AC3,0x5F9ACE,0x5F9AD9,0x5F9AE4,0x5F9AF0,0x5F9AFC,0x5F9B08,0x5F9B14,0x5F9B22,0x5F9B30,
0x5F9B3B,0x5F9B46,0x5F9B60,0x5F9B6C,0x5F9B77,0x5F9B88,0x5F9B99,0x5F9BAA,0x5F9BB6,0x5F9BC4,0x5F9BE7,0x5F9BF3,
0x5F9C01,0x5F9C29,0x5F9C35,0x5F9C43,0x5F9C68,0x5F9C74,0x5F9C82,0x5F9CA5,0x5F9CB1,0x5F9CBF,0x5F9CDF,0x5F9CEB,
0x5F9CF9,0x5F9D1C,0x5F9D28,0x5F9D36,0x5F9D59,0x5F9D65,0x5F9D73,0x5F9D96,0x5F9DA2,0x5F9DB0,0x5F9DD0,0x5F9DF0,
0x5F9DF8,0x5F9E06,0x5F9E14,0x5F9E30,0x5F9E38,0x5F9E50,0x5F9E59,0x5F9E61,0x5F9E80,0x5F9E90,0x5F9E99,0x5F9EA1,
0x5F9EAF,0x5F9EBE,0x5F9ECC,0x5F9EDA,0x5F9EE8,0x5F9EF7,0x5F9F00,0x5F9F09,0x5F9F20,0x5F9F29,0x5F9F32,0x5F9F3D,
0x5F9F60,0x5F9F69,0x5F9F72,0x5F9F7A,0x5F9F90,0x5F9F99,0x5F9FB0,0x5F9FB8,0x5F9FE1,0x5F9FF0,0x5F9FFE,0x5FA00C,
0x5FA01A,0x5FA040,0x5FA04C,0x5FA054,0x5FA05C,0x5FA064,0x5FA06C,0x5FA077,0x5FA082,0x5FA090,0x5FA0B3,0x5FA0BC,
0x5FA0E0,0x5FA0E8,0x5FA100,0x5FA109,0x5FA120,0x5FA140,0x5FA14B,0x5FA156,0x5FA161,0x5FA16C,0x5FA190,0x5FA199,
0x5FA1A4,0x5FA1AD,0x5FA1C0,0x5FA1E0,0x5FA1EC,0x5FA1F8,0x5FA204,0x5FA210,0x5FA21C,0x5FA228,0x5FA234,0x5FA240,
0x5FA24C,0x5FA258,0x5FA264,0x5FA270,0x5FA27C,0x5FA288,0x5FA294,0x5FA2A0,0x5FA2AC,0x5FA2B8,0x5FA2C4,0x5FA2D0,
0x5FA2DC,0x5FA2E8,0x5FA2F4,0x5FA300,0x5FA30C,0x5FA318,0x5FA324,0x5FA330,0x5FA33C,0x5FA348,0x5FA354,0x5FA360,
0x5FA36C,0x5FA378,0x5FA384,0x5FA390,0x5FA39C,0x5FA3A8,0x5FA3B4,0x5FA3C0,0x5FA3CC,0x5FA3D8,0x5FA3E4,0x5FA3F0,
0x5FA3FC,0x5FA408,0x5FA414,0x5FA420,0x5FA42C,0x5FA438,0x5FA441,0x5FA44D,0x5FA459,0x5FA465,0x5FA46E,0x5FA47A,
0x5FA483,0x5FA48F,0x5FA49B,0x5FA4A7,0x5FA4B3,0x5FA4BF,0x5FA4CA,0x5FA4D6,0x5FA4E2,0x5FA4EE,0x5FA510,0x5FA51B,
0x5FA524,0x5FA540,0x5FA560,0x5FA580,0x5FA590,0x5FA5A0,0x5FA5C0,0x5FA5E0,0x5FA5EB,0x5FA5FC,0x5FA60D,0x5FA61E,
0x5FA62F,0x5FA640,0x5FA64E,0x5FA65A,0x5FA666,0x5FA671,0x5FA690,0x5FA69C,0x5FA6A7,0x5FA6B8,0x5FA6C9,0x5FA6DA,
0x5FA6EB,0x5FA6FC,0x5FA708,0x5FA713,0x5FA721,0x5FA72D,0x5FA739,0x5FA744,0x5FA760,0x5FA768,0x5FA776,0x5FA784,
0x5FA792,0x5FA7A0,0x5FA7C0,0x5FA7CB,0x5FA7F0,0x5FA7F9,0x5FA810,0x5FA820,0x5FA830,0x5FA840,0x5FA84B,0x5FA860,
0x5FA880,0x5FA890,0x5FA89B,0x5FA8C0,0x5FA8E0,0x5FA8E8,0x5FA90F,0x5FA936,0x5FA941,0x5FA94C,0x5FA95A,0x5FA968,
0x5FA976,0x5FA984,0x5FA9A0,0x5FA9A8,0x5FA9C0,0x5FA9CB,0x5FA9D7,0x5FA9E3,0x5FA9EE,0x5FA9F9,0x5FAA04,0x5FAA10,
0x5FAA19,0x5FAA30,0x5FAA3C,0x5FAA47,0x5FAA55,0x5FAA63,0x5FAA71,0x5FAA7F,0x5FAA90,0x5FAAA1,0x5FAAB2,0x5FAAC3,
0x5FAAD4,0x5FAAF0,0x5FAB10,0x5FAB20,0x5FAB30,0x5FAB38,0x5FAB43,0x5FAB4E,0x5FAB59,0x5FAB70,0x5FAB78,0x5FAB9F,
0x5FABC6,0x5FABD1,0x5FABDF,0x5FABED,0x5FABFB,0x5FAC09,0x5FAC17,0x5FAC25,0x5FAC33,0x5FAC41,0x5FAC60,0x5FAC80,
0x5FAC89,0x5FACA0,0x5FACA9,0x5FACB1,0x5FACBC,0x5FACC7,0x5FACD2,0x5FACE0,0x5FACEE,0x5FACFC,0x5FAD0A,0x5FAD18,
0x5FAD26,0x5FAD34,0x5FAD42,0x5FAD50,0x5FAD5B,0x5FAD66,0x5FAD6F,0x5FAD78,0x5FAD83,0x5FAD9D,0x5FADA6,0x5FADC0,
0x5FADC8,0x5FADE0,0x5FAE00,0x5FAE0B,0x5FAE17,0x5FAE23,0x5FAE31,0x5FAE3F,0x5FAE4B,0x5FAE57,0x5FAE70,0x5FAE79,
0x5FAE81,0x5FAEA0,0x5FAEA9,0x5FAEB2,0x5FAEBB,0x5FAEC4,0x5FAEE0,0x5FAEE9,0x5FAEF1,0x5FAEFA,0x5FAF03,0x5FAF0C,
0x5FAF17,0x5FAF30,0x5FAF50,0x5FAF70,0x5FAF7B,0x5FAF83,0x5FAFA0,0x5FAFA8,0x5FAFD0,0x5FAFD8,0x5FAFF0,0x5FAFFC,
0x5FB008,0x5FB014,0x5FB020,0x5FB040,0x5FB060,0x5FB080,0x5FB088,0x5FB0A0,0x5FB0C0,0x5FB0C8,0x5FB0E0,0x5FB0EB,
0x5FB0F4,0x5FB0FD,0x5FB106,0x5FB10F,0x5FB140,0x5FB14B,0x5FB154,0x5FB15D,0x5FB166,0x5FB180,0x5FB188,0x5FB1A0,
0x5FB1A8,0x5FB1B1,0x5FB1BC,0x5FB1E0,0x5FB1E8,0x5FB1F3,0x5FB210,0x5FB218,0x5FB223,0x5FB22E,0x5FB239,0x5FB253,
0x5FB25E,0x5FB269,0x5FB280,0x5FB28B,0x5FB299,0x5FB2A7,0x5FB2B5,0x5FB2D8,0x5FB2E6,0x5FB2F4,0x5FB302,0x5FB330,
0x5FB33B,0x5FB344,0x5FB34D,0x5FB356,0x5FB35F,0x5FB380,0x5FB38B,0x5FB397,0x5FB3A3,0x5FB3AF,0x5FB3BB,0x5FB3C9,
0x5FB400,0x5FB409,0x5FB412,0x5FB41E,0x5FB440,0x5FB448,0x5FB480,0x5FB488,0x5FB4A0,0x5FB4A9,0x5FB4C0,0x5FB4E0,
0x5FB4EB,0x5FB510,0x5FB519,0x5FB521,0x5FB52C,0x5FB537,0x5FB545,0x5FB553,0x5FB561,0x5FB56F,0x5FB577,0x5FB57F,
0x5FB587,0x5FB58F,0x5FB597,0x5FB59F,0x5FB5A7,0x5FB5AF,0x5FB5B7,0x5FB5D0,0x5FB5D8,0x5FB5E3,0x5FB5EE,0x5FB5FC,
0x5FB60A,0x5FB618,0x5FB630,0x5FB650,0x5FB65C,0x5FB667,0x5FB673,0x5FB67E,0x5FB68A,0x5FB696,0x5FB6B0,0x5FB6BC,
0x5FB6C7,0x5FB6D3,0x5FB6F0,0x5FB6FC,0x5FB707,0x5FB713,0x5FB71E,0x5FB72A,0x5FB740,0x5FB749,0x5FB760,0x5FB780,
0x5FB78C,0x5FB797,0x5FB7A3,0x5FB7AE,0x5FB7BA,0x5FB7C5,0x5FB7D1,0x5FB7DD,0x5FB800,0x5FB808,0x5FB820,0x5FB840,
0x5FB848,0x5FB860,0x5FB880,0x5FB889,0x5FB8A0,0x5FB8A8,0x5FB8B3,0x5FB8C1,0x5FB8E0,0x5FB8E8,0x5FB900,0x5FB908,
0x5FB910,0x5FB918,0x5FB923,0x5FB93D,0x5FB948,0x5FB970,0x5FB978,0x5FB983,0x5FB98E,0x5FB9B0,0x5FB9B9,0x5FB9D0,
0x5FB9D9,0x5FB9E1,0x5FB9EA,0x5FB9F3,0x5FBA10,0x5FBA19,0x5FBA21,0x5FBA2A,0x5FBA32,0x5FBA50,0x5FBA58,0x5FBA63,
0x5FBA80,0x5FBA88,0x5FBA90,0x5FBA9B,0x5FBAB0,0x5FBAB8,0x5FBAC3,0x5FBAE0,0x5FBAE8,0x5FBAF0,0x5FBAFB,0x5FBB04,
0x5FBB0C,0x5FBB14,0x5FBB1C,0x5FBB30,0x5FBB50,0x5FBB58,0x5FBB63,0x5FBB80,0x5FBB88,0x5FBBA0,0x5FBBA8,0x5FBBB0,
0x5FBBBB,0x5FBBC6,0x5FBBD4,0x5FBBDC,0x5FBBE5,0x5FBBED,0x5FBBF5,0x5FBC10,0x5FBC30,0x5FBC3B,0x5FBC46,0x5FBC51,
0x5FBC5C,0x5FBC6A,0x5FBC8D,0x5FBC9B,0x5FBCBE,0x5FBCE0,0x5FBCEC,0x5FBCF7,0x5FBD03,0x5FBD0E,0x5FBD1C,0x5FBD3F,
0x5FBD4D,0x5FBD80,0x5FBD88,0x5FBDA0,0x5FBDA8,0x5FBDB0,0x5FBDB8,0x5FBDD0,0x5FBDD9,0x5FBDE1,0x5FBDEA,0x5FBE10,
0x5FBE18,0x5FBE23,0x5FBE2C,0x5FBE35,0x5FBE3E,0x5FBE47,0x5FBE50,0x5FBE59,0x5FBE62,0x5FBE6B,0x5FBE74,0x5FBE7D,
0x5FBE86,0x5FBE8F,0x5FBE98,0x5FBEA1,0x5FBEAA,0x5FBEB3,0x5FBEBC,0x5FBEC5,0x5FBECE,0x5FBED7,0x5FBEE0,0x5FBEE9,
0x5FBEF2,0x5FBEFB,0x5FBF10,0x5FBF30,0x5FBF39,0x5FBF41,0x5FBF60,0x5FBF80,0x5FBF89,0x5FBF91,0x5FBF9A,0x5FBFA2,
0x5FBFAD,0x5FBFCD,0x5FBFD8,0x5FC010,0x5FC018,0x5FC023,0x5FC02E,0x5FC050,0x5FC05C,0x5FC068,0x5FC074,0x5FC080,
0x5FC08C,0x5FC098,0x5FC0A4,0x5FC0B0,0x5FC0D0,0x5FC0DC,0x5FC0E8,0x5FC100,0x5FC120,0x5FC128,0x5FC133,0x5FC13E,
0x5FC160,0x5FC168,0x5FC173,0x5FC17E,0x5FC18A,0x5FC198,0x5FC1A1,0x5FC1AC,0x5FC1B8,0x5FC1C4,0x5FC1CD,0x5FC1D9,
0x5FC1E5,0x5FC1F1,0x5FC1FC,0x5FC207,0x5FC213,0x5FC21E,0x5FC229,0x5FC235,0x5FC250,0x5FC25C,0x5FC268,0x5FC280,
0x5FC290,0x5FC2A0,0x5FC2B0,0x5FC2BC,0x5FC2C8,0x5FC2D4,0x5FC2F0,0x5FC310,0x5FC318,0x5FC330,0x5FC349,0x5FC352,
0x5FC35B,0x5FC380,0x5FC390,0x5FC3B0,0x5FC3D0,0x5FC3DC,0x5FC3E8,0x5FC3F4,0x5FC3FF,0x5FC40D,0x5FC419,0x5FC424,
0x5FC42F,0x5FC450,0x5FC470,0x5FC480,0x5FC488,0x5FC493,0x5FC4B0,0x5FC4D0,0x5FC4E0,0x5FC4EB,0x5FC500,0x5FC508,
0x5FC520,0x5FC539,0x5FC542,0x5FC54B,0x5FC554,0x5FC580,0x5FC58C,0x5FC598,0x5FC5B0,0x5FC5D0,0x5FC5D8,0x5FC5E0,
0x5FC600,0x5FC609,0x5FC615,0x5FC620,0x5FC628,0x5FC630,0x5FC638,0x5FC641,0x5FC660,0x5FC668,0x5FC680,0x5FC688,
0x5FC690,0x5FC6C0,0x5FC6C8,0x5FC6D0,0x5FC700,0x5FC708,0x5FC710,0x5FC729,0x5FC750,0x5FC758,0x5FC760,0x5FC790,
0x5FC798,0x5FC7A0,0x5FC7A8,0x5FC7C0,0x5FC7CC,0x5FC7D7,0x5FC7E2,0x5FC7ED,0x5FC7F8,0x5FC803,0x5FC80E,0x5FC81A,
0x5FC830,0x5FC83C,0x5FC847,0x5FC852,0x5FC85D,0x5FC868,0x5FC873,0x5FC87E,0x5FC88A,0x5FC896,0x5FC8A2,0x5FC8AD,
0x5FC8B8,0x5FC8C3,0x5FC8CE,0x5FC8D9,0x5FC8E4,0x5FC8F0,0x5FC910,0x5FC918,0x5FC930,0x5FC950,0x5FC970,0x5FC97E,
0x5FC987,0x5FC990,0x5FC9B0,0x5FC9D0,0x5FC9F0,0x5FC9F8,0x5FCA10,0x5FCA20,0x5FCA40,0x5FCA4C,0x5FCA58,0x5FCA63,
0x5FCA6F,0x5FCA7B,0x5FCA87,0x5FCA93,0x5FCA9F,0x5FCAAA,0x5FCAC0,0x5FCAC9,0x5FCAE0,0x5FCAE8,0x5FCAF6,0x5FCAFE,
0x5FCB09,0x5FCB14,0x5FCB20,0x5FCB2C,0x5FCB38,0x5FCB41,0x5FCB4A,0x5FCB55,0x5FCB63,0x5FCB86,0x5FCBA9,0x5FCBB5,
0x5FCBC0,0x5FCBCE,0x5FCBF1,0x5FCC14,0x5FCC20,0x5FCC2B,0x5FCC39,0x5FCC5C,0x5FCC7F,0x5FCC8B,0x5FCC96,0x5FCC9F,
0x5FCCAB,0x5FCCB7,0x5FCCC3,0x5FCCCF,0x5FCCDA,0x5FCCE5,0x5FCD00,0x5FCD08,0x5FCD20,0x5FCD28,0x5FCD40,0x5FCD49,
0x5FCD51,0x5FCD5F,0x5FCD80,0x5FCD88,0x5FCD96,0x5FCDA4,0x5FCDAD,0x5FCDB5,0x5FCDBD,0x5FCDD0,0x5FCDD8,0x5FCDE6,
0x5FCDF4,0x5FCE02,0x5FCE10,0x5FCE1F,0x5FCE40,0x5FCE48,0x5FCE70,0x5FCE78,0x5FCE90,0x5FCE98,0x5FCEA0,0x5FCEC0,
0x5FCEC8,0x5FCED6,0x5FCEE4,0x5FCEF2,0x5FCF01,0x5FCF0F,0x5FCF1D,0x5FCF2C,0x5FCF50,0x5FCF58,0x5FCF66,0x5FCF74,
0x5FCF82,0x5FCF91,0x5FCF9F,0x5FCFC0,0x5FCFCB,0x5FCFD4,0x5FCFF0,0x5FCFF9,0x5FD001,0x5FD020,0x5FD029,0x5FD031,
0x5FD050,0x5FD070,0x5FD090,0x5FD098,0x5FD0A6,0x5FD0B4,0x5FD0C2,0x5FD0D1,0x5FD0DF,0x5FD0ED,0x5FD0FC,0x5FD120,
0x5FD12B,0x5FD134,0x5FD13F,0x5FD148,0x5FD156,0x5FD15F,0x5FD168,0x5FD176,0x5FD17E,0x5FD189,0x5FD192,0x5FD19B,
0x5FD1A4,0x5FD1B2,0x5FD1BD,0x5FD1C5,0x5FD1CD,0x5FD1D5,0x5FD1E3,0x5FD210,0x5FD219,0x5FD222,0x5FD22B,0x5FD233,
0x5FD23E,0x5FD247,0x5FD250,0x5FD259,0x5FD270,0x5FD278,0x5FD290,0x5FD298,0x5FD2A1,0x5FD2AA,0x5FD2C0,0x5FD2C8,
0x5FD2D6,0x5FD2E4,0x5FD2F2,0x5FD310,0x5FD319,0x5FD321,0x5FD329,0x5FD332,0x5FD350,0x5FD358,0x5FD370,0x5FD390,
0x5FD398,0x5FD3B0,0x5FD3B8,0x5FD3C6,0x5FD3D4,0x5FD3E2,0x5FD3F1,0x5FD400,0x5FD408,0x5FD413,0x5FD41F,0x5FD42A,
0x5FD435,0x5FD43D,0x5FD448,0x5FD456,0x5FD476,0x5FD499,0x5FD4A5,0x5FD4B0,0x5FD4BB,0x5FD4C4,0x5FD4D2,0x5FD4F2,
0x5FD4FE,0x5FD50C,0x5FD52F,0x5FD54E,0x5FD570,0x5FD590,0x5FD59E,0x5FD5C3,0x5FD5EB,0x5FD5F4,0x5FD610,0x5FD630,
0x5FD638,0x5FD650,0x5FD659,0x5FD662,0x5FD680,0x5FD688,0x5FD696,0x5FD6B0,0x5FD6B8,0x5FD6C6,0x5FD6D5,0x5FD6E3,
0x5FD703,0x5FD723,0x5FD743,0x5FD74C,0x5FD755,0x5FD75E,0x5FD767,0x5FD772,0x5FD77D,0x5FD790,0x5FD798,0x5FD7A6,
0x5FD7C0,0x5FD7E0,0x5FD800,0x5FD808,0x5FD816,0x5FD81E,0x5FD826,0x5FD831,0x5FD84B,0x5FD870,0x5FD87C,0x5FD8A0,
0x5FD8A8,0x5FD8B6,0x5FD8C5,0x5FD8E0,0x5FD8E8,0x5FD8F1,0x5FD910,0x5FD918,0x5FD930,0x5FD938,0x5FD946,0x5FD955,
0x5FD964,0x5FD973,0x5FD97B,0x5FD983,0x5FD98E,0x5FD999,0x5FD9A2,0x5FD9B0,0x5FD9D0,0x5FD9F0,0x5FDA10,0x5FDA33,
0x5FDA3F,0x5FDA4A,0x5FDA56,0x5FDA70,0x5FDA7B,0x5FDA86,0x5FDA92,0x5FDA9E,0x5FDAA6,0x5FDAAE,0x5FDAB9,0x5FDAC5,
0x5FDACE,0x5FDAD9,0x5FDAE2,0x5FDB00,0x5FDB08,0x5FDB16,0x5FDB24,0x5FDB40,0x5FDB48,0x5FDB50,0x5FDB58,0x5FDB61,
0x5FDB69,0x5FDB71,0x5FDB7A,0x5FDB90,0x5FDB98,0x5FDBB0,0x5FDBB8,0x5FDBC6,0x5FDBE0,0x5FDBE8,0x5FDBF6,0x5FDC10,
0x5FDC18,0x5FDC26,0x5FDC34,0x5FDC42,0x5FDC50,0x5FDC58,0x5FDC63,0x5FDC6F,0x5FDC7A,0x5FDC85,0x5FDC8D,0x5FDC95,
0x5FDCA3,0x5FDCC6,0x5FDCE6,0x5FDCEF,0x5FDCFA,0x5FDD05,0x5FDD11,0x5FDD1C,0x5FDD24,0x5FDD2F,0x5FDD37,0x5FDD3F,
0x5FDD47,0x5FDD50,0x5FDD5B,0x5FDD66,0x5FDD74,0x5FDD97,0x5FDDA2,0x5FDDAD,0x5FDDD0,0x5FDDD8,0x5FDDF0,0x5FDDFB,
0x5FDE10,0x5FDE18,0x5FDE20,0x5FDE28,0x5FDE33,0x5FDE3E,0x5FDE46,0x5FDE51,0x5FDE5F,0x5FDE7F,0x5FDE8A,0x5FDE95,
0x5FDE9D,0x5FDEA8,0x5FDEB6,0x5FDED0,0x5FDED9,0x5FDEE2,0x5FDEEA,0x5FDF00,0x5FDF08,0x5FDF16,0x5FDF24,0x5FDF2D,
0x5FDF35,0x5FDF50,0x5FDF58,0x5FDF66,0x5FDF80,0x5FDF89,0x5FDF92,0x5FDFB0,0x5FDFB8,0x5FDFC6,0x5FDFE0,0x5FDFE9,
0x5FDFF2,0x5FDFFB,0x5FE003,0x5FE011,0x5FE01F,0x5FE027,0x5FE02F,0x5FE037,0x5FE042,0x5FE04B,0x5FE054,0x5FE06D,
0x5FE078,0x5FE081,0x5FE08A,0x5FE0B0,0x5FE0D0,0x5FE0D8,0x5FE0E6,0x5FE0F4,0x5FE0FC,0x5FE107,0x5FE115,0x5FE11E,
0x5FE127,0x5FE130,0x5FE13C,0x5FE14A,0x5FE156,0x5FE161,0x5FE16F,0x5FE192,0x5FE19E,0x5FE1AA,0x5FE1B5,0x5FE1C3,
0x5FE1E6,0x5FE1F2,0x5FE1FE,0x5FE209,0x5FE217,0x5FE23A,0x5FE246,0x5FE252,0x5FE270,0x5FE27B,0x5FE283,0x5FE28B,
0x5FE293,0x5FE2B0,0x5FE2B9,0x5FE2C2,0x5FE2CA,0x5FE2D8,0x5FE2E3,0x5FE2EC,0x5FE300,0x5FE308,0x5FE330,0x5FE339,
0x5FE341,0x5FE360,0x5FE368,0x5FE376,0x5FE390,0x5FE399,0x5FE3A1,0x5FE3AC,0x5FE3BA,0x5FE3C5,0x5FE3D3,0x5FE3DE,
0x5FE3E6,0x5FE3F1,0x5FE3F9,0x5FE401,0x5FE409,0x5FE411,0x5FE419,0x5FE421,0x5FE42C,0x5FE437,0x5FE445,0x5FE453,
0x5FE461,0x5FE46F,0x5FE47A,0x5FE485,0x5FE490,0x5FE49B,0x5FE4A6,0x5FE4B1,0x5FE4BC,0x5FE4E0,0x5FE4E9,0x5FE500,
0x5FE508,0x5FE516,0x5FE524,0x5FE532,0x5FE550,0x5FE558,0x5FE570,0x5FE590,0x5FE599,0x5FE5A1,0x5FE5AF,0x5FE5BD,
0x5FE5CB,0x5FE5F0,0x5FE5F8,0x5FE603,0x5FE620,0x5FE640,0x5FE648,0x5FE660,0x5FE680,0x5FE68C,0x5FE697,0x5FE6A8,
0x5FE6B3,0x5FE6C1,0x5FE6CC,0x5FE6D7,0x5FE6F0,0x5FE710,0x5FE730,0x5FE750,0x5FE770,0x5FE790,0x5FE7B0,0x5FE7D0,
0x5FE7D8,0x5FE7E0,0x5FE7E8,0x5FE7F0,0x5FE7F9,0x5FE801,0x5FE809,0x5FE812,0x5FE830,0x5FE840,0x5FE860,0x5FE868,
0x5FE891,0x5FE8B0,0x5FE8BC,0x5FE8C7,0x5FE8D2,0x5FE8DE,0x5FE8EA,0x5FE8F5,0x5FE900,0x5FE90C,0x5FE918,0x5FE923,
0x5FE92E,0x5FE939,0x5FE945,0x5FE951,0x5FE95D,0x5FE969,0x5FE975,0x5FE981,0x5FE98D,0x5FE999,0x5FE9A5,0x5FE9B1,
0x5FE9BD,0x5FE9C8,0x5FE9D3,0x5FE9DE,0x5FE9E9,0x5FE9F5,0x5FEA00,0x5FEA0B,0x5FEA17,0x5FEA30,0x5FEA3C,0x5FEA48,
0x5FEA54,0x5FEA60,0x5FEA6C,0x5FEA78,0x5FEA84,0x5FEA90,0x5FEA9C,0x5FEAA8,0x5FEAB3,0x5FEABE,0x5FEACA,0x5FEAD6,
0x5FEAE2,0x5FEAED,0x5FEAF9,0x5FEB05,0x5FEB10,0x5FEB1B,0x5FEB26,0x5FEB32,0x5FEB3D,0x5FEB48,0x5FEB53,0x5FEB5F,
0x5FEB6A,0x5FEB75,0x5FEB80,0x5FEB8B,0x5FEB97,0x5FEBA3,0x5FEBAF,0x5FEBBB,0x5FEBC7,0x5FEBD3,0x5FEBDF,0x5FEBEB,
0x5FEBF7,0x5FEC03,0x5FEC0F,0x5FEC1B,0x5FEC27,0x5FEC32,0x5FEC3E,0x5FEC49,0x5FEC54,0x5FEC5F,0x5FEC6A,0x5FEC75,
0x5FEC80,0x5FEC8C,0x5FEC98,0x5FECA4,0x5FECB0,0x5FECBC,0x5FECC8,0x5FECD4,0x5FECE0,0x5FECEC,0x5FECF8,0x5FED04,
0x5FED20,0x5FED28,0x5FED36,0x5FED44,0x5FED52,0x5FED60,0x5FED80,0x5FEDA0,0x5FEDAB,0x5FEDD0,0x5FEDD9,0x5FEDE1,
0x5FEDEF,0x5FEDF8,0x5FEE00,0x5FEE20,0x5FEE2B,0x5FEE36,0x5FEE41,0x5FEE4C,0x5FEE57,0x5FEE62,0x5FEE6D,0x5FEE78,
0x5FEE83,0x5FEE8E,0x5FEE99,0x5FEEA4,0x5FEEAF,0x5FEEBA,0x5FEEC5,0x5FEED0,0x5FEEDB,0x5FEEE6,0x5FEEF1,0x5FEF10,
0x5FEF1B,0x5FEF26,0x5FEF31,0x5FEF3C,0x5FEF47,0x5FEF52,0x5FEF5D,0x5FEF68,0x5FEF73,0x5FEF7E,0x5FEF89,0x5FEF94,
0x5FEF9F,0x5FEFC0,0x5FEFCB,0x5FEFD6,0x5FEFE1,0x5FEFEC,0x5FEFF7,0x5FF002,0x5FF00D,0x5FF018,0x5FF023,0x5FF02E,
0x5FF039,0x5FF044,0x5FF050,0x5FF05C,0x5FF068,0x5FF073,0x5FF07C,0x5FF087,0x5FF090,0x5FF09B,0x5FF0A6,0x5FF0B1,
0x5FF0BC,0x5FF0C7,0x5FF0D2,0x5FF0DD,0x5FF0E8,0x5FF0F3,0x5FF0FE,0x5FF109,0x5FF114,0x5FF11F,0x5FF12A,0x5FF140,
0x5FF14B,0x5FF156,0x5FF161,0x5FF16C,0x5FF177,0x5FF182,0x5FF18D,0x5FF198,0x5FF1A3,0x5FF1AB,0x5FF1B6,0x5FF1C1,
0x5FF1CA,0x5FF1D5,0x5FF1E0,0x5FF1EB,0x5FF1F6,0x5FF202,0x5FF220,0x5FF22B,0x5FF236,0x5FF241,0x5FF24C,0x5FF257,
0x5FF262,0x5FF26D,0x5FF278,0x5FF283,0x5FF28B,0x5FF296,0x5FF2A1,0x5FF2AA,0x5FF2B5,0x5FF2C0,0x5FF2CB,0x5FF2D6,
0x5FF2E2,0x5FF2EE,0x5FF2F9,0x5FF304,0x5FF30F,0x5FF330,0x5FF338,0x5FF343,0x5FF34E,0x5FF359,0x5FF364,0x5FF36F,
0x5FF37A,0x5FF385,0x5FF390,0x5FF398,0x5FF3A3,0x5FF3AE,0x5FF3BA,0x5FF3C3,0x5FF3CE,0x5FF3D9,0x5FF3E4,0x5FF3EF,
0x5FF3FA,0x5FF405,0x5FF40E,0x5FF417,0x5FF430,0x5FF43B,0x5FF446,0x5FF451,0x5FF45C,0x5FF467,0x5FF472,0x5FF47D,
0x5FF488,0x5FF490,0x5FF498,0x5FF4A3,0x5FF4AE,0x5FF4B7,0x5FF4C2,0x5FF4CD,0x5FF4D8,0x5FF4F0,0x5FF4F9,0x5FF501,
0x5FF50C,0x5FF514,0x5FF51F,0x5FF527,0x5FF52F,0x5FF537,0x5FF542,0x5FF560,0x5FF568,0x5FF571,0x5FF590,0x5FF59C,
0x5FF5A7,0x5FF5B2,0x5FF5BD,0x5FF5C8,0x5FF5E0,0x5FF5E8,0x5FF60F,0x5FF61A,0x5FF625,0x5FF630,0x5FF63E,0x5FF64C,
0x5FF670,0x5FF679,0x5FF681,0x5FF68C,0x5FF697,0x5FF6A2,0x5FF6AD,0x5FF6BB,0x5FF6C9,0x5FF6D7,0x5FF6DF,0x5FF6E7,
0x5FF6EF,0x5FF6F7,0x5FF6FF,0x5FF720,0x5FF728,0x5FF730,0x5FF738,0x5FF743,0x5FF74B,0x5FF756,0x5FF75E,0x5FF766,
0x5FF780,0x5FF788,0x5FF796,0x5FF7A4,0x5FF7B2,0x5FF7D0,0x5FF7DB,0x5FF7E7,0x5FF7F3,0x5FF7FF,0x5FF808,0x5FF811,
0x5FF81D,0x5FF826,0x5FF82F,0x5FF83B,0x5FF850,0x5FF870,0x5FF87B,0x5FF8A0,0x5FF8AE,0x5FF8B6,0x5FF8BE,0x5FF8CA,
0x5FF8E0,0x5FF8E8,0x5FF900,0x5FF908,0x5FF940,0x5FF949,0x5FF954,0x5FF962,0x5FF96E,0x5FF97A,0x5FF986,0x5FF992,
0x5FF99E,0x5FF9AA,0x5FF9B6,0x5FF9D0,0x5FF9D8,0x5FF9E3,0x5FFA00,0x5FFA0B,0x5FFA20,0x5FFA40,0x5FFA70,0x5FFAA0,
0x5FFAD0,0x5FFB10,0x5FFB40,0x5FFB70,0x5FFC00,0x5FFC30,0x5FFC60,0x5FFC90,0x5FFCC0,0x5FFCF0,0x5FFD20,0x5FFD50,
0x5FFD80,0x5FFDB0,0x5FFDE0,0x5FFE10,0x5FFE40,0x5FFE70,0x5FFEA0,0x5FFED0,0x5FFF00,0x5FFF30,0x5FFF60,0x5FFF90,
0x5FFFC0,0x5FFFF0,0x600020,0x600050,0x600080,0x6000B0,0x6000D0,0x600100,0x600130,0x600160,0x600170,0x6001A0,
0x6001D0,0x600200,0x600220,0x600250,0x600280,0x6002B0,0x6002C0,0x6002D0,0x6002E0,0x600310,0x600340,0x600370,
0x600460,0x600490,0x6004C0,0x6004F0,0x600520,0x600550,0x600580,0x6005B0,0x6005E0,0x600610,0x600620,0x600630,
0x600640,0x600650,0x600660,0x600670,0x600680,0x600690,0x6006A0,0x6006D0,0x600700,0x600730,0x600760,0x600790,
0x6007C0,0x600860,0x600890,0x6008C0,0x6008F0,0x600910,0x600950,0x600980,0x6009B0,0x6009E0,0x600A10,0x600A40,
0x600A70,0x600AA0,0x600AD0,0x600B00,0x600B10,0x600B20,0x600B50,0x600B80,0x600BB0,0x600BE0,0x600C10,0x600C40,
0x600C70,0x600CA0,0x600CD0,0x600D00,0x600D30,0x600D60,0x600D90,0x600E60,0x600E90,0x600EC0,0x600EF0,0x600F20,
0x600F50,0x600F80,0x600FC0,0x600FF0,0x601020,0x601050,0x601070,0x601080,0x601090,0x6010C0,0x6010F0,0x601120,
0x601150,0x601180,0x6011B0,0x6011E0,0x601210,0x601240,0x601270,0x6012A0,0x6012D0,0x601300,0x601330,0x601360,
0x601390,0x6013C0,0x6013F0,0x601420,0x601450,0x601480,0x601490,0x6014A0,0x6014D0,0x601500,0x601530,0x601560,
0x601590,0x6015C0,0x601610,0x601640,0x601670,0x6016A0,0x6016D0,0x601700,0x601730,0x601760,0x601790,0x6017C0,
0x6017D0,0x6017E0,0x6017F0,0x601820,0x601850,0x601880,0x6018B0,0x6018E0,0x601910,0x601A00,0x601A30,0x601A60,
0x601A90,0x601AC0,0x601AF0,0x601B20,0x601B50,0x601B80,0x601BB0,0x601BE0,0x601BF0,0x601C20,0x601C50,0x601C80,
0x601CB0,0x601CC0,0x601CF0,0x601D20,0x601D50,0x601D80,0x601DB0,0x601DE0,0x601E10,0x601E40,0x601E70,0x601EA0,
0x601ED0,0x601F00,0x601F30,0x601F60,0x601F90,0x601FC0,0x601FF0,0x602020,0x602050,0x602080,0x6020B0,0x602100,
0x602130,0x602160,0x602190,0x6021A0,0x6021D0,0x602200,0x602230,0x602260,0x602290,0x6022C0,0x6022F0,0x602320,
0x602350,0x602370,0x6023A0,0x6023D0,0x602400,0x602430,0x602460,0x602490,0x6024E0,0x602530,0x602580,0x602590,
0x6025E0,0x602630,0x602680,0x6026D0,0x602720,0x602770,0x6027C0,0x602810,0x602860,0x6028B0,0x602900,0x602950,
0x6029A0,0x6029F0,0x602A40,0x602A90,0x602AE0,0x602B30,0x602B80,0x602BD0,0x602C20,0x602C70,0x602CC0,0x602D10,
0x602D60,0x602DB0,0x602E00,0x602E10,0x602E30,0x602E80,0x602ED0,0x602F20,0x602F50,0x602FA0,0x602FF0,0x603040,
0x603090,0x6030E0,0x603130,0x603160,0x603190,0x6031C0,0x603210,0x603260,0x6032B0,0x603300,0x603350,0x6033A0,
0x6033F0,0x603440,0x603490,0x6034E0,0x603530,0x603580,0x6035B0,0x6035E0,0x603610,0x603640,0x603670,0x6036A0,
0x6036D0,0x603700,0x603730,0x603780,0x6037D0,0x603820,0x603870,0x6038C0,0x603910,0x603960,0x6039B0,0x603A00,
0x603A10,0x603A40,0x603A90,0x603AE0,0x603B30,0x603B80,0x603BD0,0x603C20,0x603C70,0x603CC0,0x603D10,0x603D50,
0x603D90,0x603DE0,0x603E30,0x603E80,0x603ED0,0x603F20,0x603F70,0x603F80,0x603F90,0x603FE0,0x604030,0x604080,
0x6040D0,0x604120,0x604170,0x6041C0,0x604210,0x604260,0x6042B0,0x604300,0x604350,0x6043A0,0x6043F0,0x604410,
0x604480,0x6044D0,0x604520,0x604570,0x6045C0,0x604610,0x604660,0x6046B0,0x604700,0x604750,0x6047A0,0x6047F0,
0x604840,0x604890,0x6048E0,0x604930,0x604980,0x6049D0,0x604A20,0x604A70,0x604AC0,0x604AF0,0x604B20,0x604B70,
0x604BC0,0x604C10,0x604C60,0x604CB0,0x604D00,0x604D50,0x604DA0,0x604DF0,0x604E20,0x604E70,0x604EC0,0x604F10,
0x604F60,0x604FB0,0x605000,0x605010,0x605040,0x605070,0x6050A0,0x6050F0,0x605140,0x605190,0x6051E0,0x605230,
0x605280,0x6052D0,0x605320,0x605370,0x6053C0,0x605410,0x605460,0x605470,0x6054C0,0x605510,0x605560,0x6055B0,
0x605600,0x605650,0x6056A0,0x6056B0,0x6056D0,0x605720,0x605770,0x6057C0,0x605810,0x605860,0x6058B0,0x605900,
0x605950,0x6059A0,0x6059F0,0x605A40,0x605A90,0x605AE0,0x605B30,0x605B80,0x605BD0,0x605C20,0x605C70,0x605CC0,
0x605D10,0x605D60,0x605DB0,0x605DC0,0x605E10,0x605E20,0x605E70,0x605EC0,0x605F10,0x605F80,0x605FD0,0x606020,
0x606070,0x6060C0,0x606110,0x606160,0x6061B0,0x606200,0x606210,0x606220,0x606230,0x606280,0x6062D0,0x606320,
0x606370,0x6063C0,
};
